id,year,fips,out_returns,out_exempt,out_agi,in_returns,in_exempt,in_agi
1,1991,1,56,137,NULL,55,140,NULL
2,1991,2,312,663,NULL,300,670,NULL
3,1991,4,628,1447,NULL,873,2116,NULL
4,1991,5,70,167,NULL,78,184,NULL
5,1991,6,1935,3946,NULL,4642,10961,NULL
6,1991,8,460,1054,NULL,608,1364,NULL
7,1991,9,72,145,NULL,79,170,NULL
8,1991,10,10,17,NULL,9,27,NULL
9,1991,11,12,23,NULL,12,21,NULL
10,1991,12,252,525,NULL,465,952,NULL
11,1991,13,96,206,NULL,121,269,NULL
12,1991,15,139,257,NULL,129,278,NULL
13,1991,17,150,300,NULL,271,631,NULL
14,1991,18,78,203,NULL,101,237,NULL
15,1991,19,83,159,NULL,129,283,NULL
16,1991,20,115,269,NULL,135,317,NULL
17,1991,21,49,108,NULL,68,155,NULL
18,1991,22,40,98,NULL,54,128,NULL
19,1991,23,22,64,NULL,36,81,NULL
20,1991,24,69,146,NULL,112,257,NULL
21,1991,25,53,87,NULL,108,176,NULL
22,1991,26,108,237,NULL,189,384,NULL
23,1991,27,115,238,NULL,209,466,NULL
24,1991,28,28,69,NULL,48,123,NULL
25,1991,29,117,263,NULL,158,360,NULL
26,1991,30,604,1307,NULL,889,1918,NULL
27,1991,31,129,324,NULL,149,373,NULL
28,1991,32,666,1440,NULL,937,2024,NULL
29,1991,33,11,18,NULL,75,165,NULL
30,1991,34,37,72,NULL,102,195,NULL
31,1991,35,176,446,NULL,236,556,NULL
32,1991,36,131,236,NULL,193,385,NULL
33,1991,37,100,229,NULL,156,355,NULL
34,1991,38,47,99,NULL,113,270,NULL
35,1991,39,99,205,NULL,144,295,NULL
36,1991,40,99,247,NULL,134,319,NULL
37,1991,41,1559,3446,NULL,1714,3721,NULL
38,1991,42,99,229,NULL,169,351,NULL
39,1991,44,11,17,NULL,14,24,NULL
40,1991,45,64,173,NULL,86,233,NULL
41,1991,46,54,156,NULL,95,227,NULL
42,1991,47,90,205,NULL,93,227,NULL
43,1991,48,564,1447,NULL,725,1868,NULL
44,1991,49,1736,3835,NULL,1427,3817,NULL
45,1991,50,15,24,NULL,33,50,NULL
46,1991,51,204,474,NULL,243,581,NULL
47,1991,53,3394,6827,NULL,3320,7136,NULL
48,1991,54,16,44,NULL,21,56,NULL
49,1991,55,99,219,NULL,138,266,NULL
50,1991,56,293,648,NULL,409,957,NULL
51,1991,57,704,1468,NULL,664,1460,NULL
52,1992,1,66,149,NULL,60,136,NULL
53,1992,2,347,749,NULL,385,810,NULL
54,1992,4,658,1475,NULL,737,1777,NULL
55,1992,5,65,160,NULL,57,138,NULL
56,1992,6,1798,3755,NULL,4918,11451,NULL
57,1992,8,548,1230,NULL,575,1275,NULL
58,1992,9,52,98,NULL,88,167,NULL
59,1992,10,10,26,NULL,15,30,NULL
60,1992,11,19,28,NULL,18,28,NULL
61,1992,12,283,674,NULL,492,1022,NULL
62,1992,13,101,230,NULL,143,311,NULL
63,1992,15,135,286,NULL,145,316,NULL
64,1992,17,151,333,NULL,258,515,NULL
65,1992,18,68,144,NULL,112,246,NULL
66,1992,19,87,215,NULL,102,212,NULL
67,1992,20,115,240,NULL,115,267,NULL
68,1992,21,64,148,NULL,56,133,NULL
69,1992,22,60,119,NULL,84,190,NULL
70,1992,23,33,82,NULL,42,100,NULL
71,1992,24,44,104,NULL,116,229,NULL
72,1992,25,57,105,NULL,93,177,NULL
73,1992,26,103,224,NULL,182,392,NULL
74,1992,27,133,258,NULL,172,309,NULL
75,1992,28,46,114,NULL,34,84,NULL
76,1992,29,145,330,NULL,152,306,NULL
77,1992,30,649,1493,NULL,804,1641,NULL
78,1992,31,95,243,NULL,120,296,NULL
79,1992,32,638,1357,NULL,947,2144,NULL
80,1992,33,18,29,NULL,49,102,NULL
81,1992,34,43,89,NULL,99,191,NULL
82,1992,35,187,464,NULL,199,463,NULL
83,1992,36,126,210,NULL,241,492,NULL
84,1992,37,120,266,NULL,158,367,NULL
85,1992,38,49,103,NULL,105,217,NULL
86,1992,39,115,251,NULL,202,427,NULL
87,1992,40,105,263,NULL,118,259,NULL
88,1992,41,1526,3159,NULL,1916,4199,NULL
89,1992,42,104,234,NULL,185,394,NULL
90,1992,44,6,9,NULL,18,34,NULL
91,1992,45,66,149,NULL,87,229,NULL
92,1992,46,101,263,NULL,86,172,NULL
93,1992,47,97,216,NULL,81,183,NULL
94,1992,48,565,1506,NULL,703,1819,NULL
95,1992,49,1658,3534,NULL,1495,3963,NULL
96,1992,50,11,18,NULL,20,35,NULL
97,1992,51,212,458,NULL,240,593,NULL
98,1992,53,3459,6874,NULL,3485,7425,NULL
99,1992,54,21,42,NULL,22,47,NULL
100,1992,55,96,215,NULL,150,298,NULL
101,1992,56,264,647,NULL,428,966,NULL
102,1992,57,565,1070,NULL,885,1918,NULL
103,1993,1,63,154,1794,75,199,2111
104,1993,2,283,594,6898,425,1012,13410
105,1993,4,656,1493,12939,806,1873,17471
106,1993,5,83,186,1460,83,202,1934
107,1993,6,1558,3341,30988,6032,14469,183116
108,1993,8,516,1069,14028,697,1561,20298
109,1993,9,52,97,1216,78,152,2276
110,1993,10,8,25,148,17,32,532
111,1993,11,16,23,241,17,29,573
112,1993,12,272,625,6020,610,1251,13801
113,1993,13,128,284,2781,149,313,3756
114,1993,15,135,244,3413,164,364,4609
115,1993,17,173,387,4143,242,534,7339
116,1993,18,80,176,1707,120,265,3047
117,1993,19,86,217,3705,115,240,3002
118,1993,20,97,218,2060,166,406,4314
119,1993,21,52,113,1211,78,184,1974
120,1993,22,59,123,2421,125,298,3074
121,1993,23,25,44,536,42,85,967
122,1993,24,67,150,2239,109,237,4031
123,1993,25,55,103,1379,99,200,3056
124,1993,26,103,261,2577,247,588,6818
125,1993,27,147,321,4290,202,380,4972
126,1993,28,38,95,741,63,132,1287
127,1993,29,138,347,3056,155,339,5550
128,1993,30,759,1667,15155,796,1676,16285
129,1993,31,117,256,4700,124,313,3184
130,1993,32,623,1331,14157,920,2077,20351
131,1993,33,23,53,866,36,56,801
132,1993,34,37,82,1340,84,180,2778
133,1993,35,241,586,6627,272,672,7365
134,1993,36,133,267,3295,247,485,6743
135,1993,37,149,333,3202,200,465,4877
136,1993,38,71,161,1321,114,246,2736
137,1993,39,132,291,4128,177,396,5146
138,1993,40,107,254,2061,108,250,2222
139,1993,41,1534,3389,34168,1909,4191,41948
140,1993,42,113,248,3407,190,393,5000
141,1993,44,12,26,505,22,33,369
142,1993,45,66,148,2665,124,291,3321
143,1993,46,72,153,1824,89,204,1865
144,1993,47,101,263,2707,101,228,2529
145,1993,48,589,1489,11891,772,2042,20193
146,1993,49,1745,3926,35863,1493,3917,31785
147,1993,50,15,34,498,21,29,463
148,1993,51,154,324,4474,221,512,6818
149,1993,53,3350,6629,78518,3574,7508,92200
150,1993,54,22,52,541,24,46,1167
151,1993,55,112,257,2776,145,279,4115
152,1993,56,295,684,7383,402,884,9490
153,1993,57,484,872,8955,924,2094,19839
154,1994,1,63,156,1583,78,207,1853
155,1994,2,286,602,7808,386,873,12828
156,1994,4,752,1624,17018,792,1865,17706
157,1994,5,87,216,2098,62,150,1376
158,1994,6,1634,3343,33048,6215,14852,188115
159,1994,8,546,1176,14654,689,1447,20358
160,1994,9,56,105,1454,75,138,2627
161,1994,10,12,23,383,13,19,412
162,1994,11,17,25,589,18,33,615
163,1994,12,313,740,7319,452,947,9805
164,1994,13,119,258,2487,148,351,4269
165,1994,15,136,247,3005,153,329,4773
166,1994,17,185,428,4920,241,530,6725
167,1994,18,77,161,1805,106,228,3322
168,1994,19,90,210,1705,118,256,2500
169,1994,20,102,237,1803,139,327,3958
170,1994,21,67,138,1721,72,145,1585
171,1994,22,54,119,1417,78,176,1919
172,1994,23,21,42,526,52,119,1229
173,1994,24,74,169,2245,110,224,3709
174,1994,25,67,129,1379,103,183,3184
175,1994,26,111,253,2538,175,350,4832
176,1994,27,136,320,3552,223,498,7062
177,1994,28,52,128,1046,53,115,904
178,1994,29,167,362,5377,133,265,3330
179,1994,30,653,1488,13575,852,1830,18863
180,1994,31,114,293,2749,135,317,3989
181,1994,32,678,1547,20964,909,2046,23616
182,1994,33,18,51,655,45,89,1523
183,1994,34,39,74,1190,80,172,2638
184,1994,35,300,782,7846,226,563,7309
185,1994,36,145,245,3254,210,426,5937
186,1994,37,151,299,2627,186,407,4571
187,1994,38,60,131,1332,88,168,2076
188,1994,39,136,321,4046,186,374,5385
189,1994,40,143,318,2362,138,357,3028
190,1994,41,1601,3477,33082,1981,4312,42400
191,1994,42,91,218,3825,165,400,6132
192,1994,44,10,16,247,20,35,552
193,1994,45,61,141,1523,79,185,2366
194,1994,46,74,184,1770,84,197,1927
195,1994,47,109,251,2910,76,164,1787
196,1994,48,643,1643,13737,741,1802,20008
197,1994,49,1748,3897,33041,1620,4083,37223
198,1994,50,13,29,246,34,52,713
199,1994,51,208,421,5469,224,522,7306
200,1994,53,3027,5932,68465,3939,8277,102733
201,1994,54,18,50,380,17,41,689
202,1994,55,102,216,2723,150,308,3809
203,1994,56,298,676,7666,360,835,9508
204,1994,57,512,900,9722,663,1372,15033
205,1995,1,64,156,1808,71,156,2352
206,1995,2,287,592,8066,384,836,13414
207,1995,4,768,1661,17570,805,1928,20632
208,1995,5,91,230,2083,69,144,1434
209,1995,6,1773,3589,38267,5165,12168,159806
210,1995,8,592,1225,16509,705,1460,20031
211,1995,9,50,103,2180,82,140,2155
212,1995,10,8,21,754,8,16,340
213,1995,11,20,25,472,17,31,649
214,1995,12,303,645,7032,429,960,11494
215,1995,13,160,363,3836,137,291,4271
216,1995,15,134,271,2625,159,289,4426
217,1995,17,173,397,4341,256,541,8067
218,1995,18,93,203,2321,124,294,3385
219,1995,19,100,264,2514,125,308,3789
220,1995,20,122,271,2603,146,341,3885
221,1995,21,59,135,1367,50,105,1288
222,1995,22,53,113,1062,78,169,2261
223,1995,23,24,62,607,40,117,1249
224,1995,24,85,181,2641,116,264,4171
225,1995,25,82,147,1806,84,143,2582
226,1995,26,131,278,4123,165,339,3979
227,1995,27,157,365,4231,219,447,6206
228,1995,28,47,94,958,57,131,1188
229,1995,29,153,363,3314,165,334,3782
230,1995,30,732,1662,16975,793,1621,16932
231,1995,31,124,293,3036,134,308,3703
232,1995,32,800,1793,23427,913,1992,24648
233,1995,33,22,38,684,31,62,866
234,1995,34,49,101,1287,87,169,3008
235,1995,35,207,496,6222,213,490,5170
236,1995,36,135,228,2924,249,463,9260
237,1995,37,140,349,2863,149,328,4140
238,1995,38,64,139,1048,102,218,2597
239,1995,39,167,397,5508,179,382,4934
240,1995,40,125,299,2472,126,276,2891
241,1995,41,1815,3792,41950,2068,4461,47272
242,1995,42,125,296,4856,175,357,4894
243,1995,44,10,26,358,19,25,406
244,1995,45,103,238,2879,70,151,1795
245,1995,46,77,182,2257,93,212,2338
246,1995,47,104,235,3311,86,207,2817
247,1995,48,631,1533,15213,740,1838,21945
248,1995,49,1893,4084,37687,1699,4354,41073
249,1995,50,18,33,354,31,49,829
250,1995,51,191,448,5515,286,668,11725
251,1995,53,3254,6397,79958,4099,8665,107071
252,1995,54,25,49,927,23,48,773
253,1995,55,117,266,3124,136,274,3615
254,1995,56,340,765,9139,429,949,11070
255,1995,57,525,990,11700,696,1434,16279
256,1996,1,58,144,1527,61,130,2230
257,1996,2,305,662,8093,371,791,13111
258,1996,4,818,1782,21200,784,1776,21715
259,1996,5,89,222,2197,88,185,2046
260,1996,6,1845,3713,47621,4009,9174,129661
261,1996,8,608,1278,18434,665,1413,22271
262,1996,9,53,113,2132,63,118,2864
263,1996,10,5,11,183,22,37,1835
264,1996,11,16,18,345,12,19,496
265,1996,12,287,641,7555,340,770,9575
266,1996,13,132,300,3046,145,314,4425
267,1996,15,95,182,2383,145,311,4714
268,1996,17,225,498,7807,213,419,9443
269,1996,18,103,230,3103,112,225,2781
270,1996,19,107,292,2574,146,305,4209
271,1996,20,121,263,2778,133,313,3841
272,1996,21,73,189,1887,49,110,1309
273,1996,22,46,92,1256,73,164,2276
274,1996,23,25,48,523,40,62,999
275,1996,24,65,123,1966,99,228,4632
276,1996,25,76,133,2315,83,146,2828
277,1996,26,166,383,4526,197,420,5147
278,1996,27,200,463,6323,203,413,6315
279,1996,28,52,124,1096,56,119,1844
280,1996,29,173,371,3403,163,379,5002
281,1996,30,806,1675,21126,913,1924,22482
282,1996,31,130,345,3840,133,298,3899
283,1996,32,848,1844,21689,849,1854,25156
284,1996,33,28,61,1113,37,79,886
285,1996,34,51,92,1249,88,191,3534
286,1996,35,220,507,5495,246,564,6271
287,1996,36,131,236,3491,248,515,10571
288,1996,37,160,350,4020,167,346,4093
289,1996,38,56,118,1268,107,215,2427
290,1996,39,151,357,4211,165,327,5585
291,1996,40,142,329,2842,121,288,4012
292,1996,41,1953,4105,50589,1929,4230,53980
293,1996,42,137,299,4373,174,342,5678
294,1996,44,7,18,502,18,34,588
295,1996,45,66,148,1576,77,184,2980
296,1996,46,76,142,1793,114,250,3114
297,1996,47,130,341,4002,97,221,3598
298,1996,48,658,1636,17363,728,1704,20367
299,1996,49,2005,4500,49459,1859,4734,47229
300,1996,50,19,32,395,39,70,1658
301,1996,51,193,431,5067,236,617,10035
302,1996,53,3351,6793,85089,3897,8090,114534
303,1996,54,28,81,1205,24,36,586
304,1996,55,129,315,3795,146,290,4049
305,1996,56,336,732,8274,431,989,11595
306,1996,57,443,932,9683,602,1180,11679
307,1997,1,57,135,1620,59,134,1587
308,1997,2,289,599,7890,412,882,13720
309,1997,4,803,1719,20431,788,1719,22569
310,1997,5,90,242,2212,91,218,2732
311,1997,6,2070,4101,78428,3484,7548,119834
312,1997,8,668,1367,20970,656,1408,21536
313,1997,9,44,71,2318,48,80,1522
314,1997,10,10,16,264,14,31,500
315,1997,11,19,21,343,16,20,527
316,1997,12,319,628,8971,354,780,10470
317,1997,13,130,325,3466,146,308,4789
318,1997,15,104,194,2375,117,262,4162
319,1997,17,194,395,6167,242,485,8327
320,1997,18,105,256,2928,115,244,3353
321,1997,19,82,192,2079,120,289,3848
322,1997,20,147,350,4542,149,339,24254
323,1997,21,84,181,2284,79,168,2195
324,1997,22,63,152,3026,63,139,1899
325,1997,23,45,80,1398,39,89,1285
326,1997,24,80,155,2893,109,252,3560
327,1997,25,77,142,2127,79,132,2571
328,1997,26,142,283,3747,173,348,7061
329,1997,27,184,369,6408,209,400,7745
330,1997,28,42,96,1099,68,143,1407
331,1997,29,196,468,5812,155,317,3862
332,1997,30,713,1478,17065,957,1939,23253
333,1997,31,107,241,2274,161,385,4873
334,1997,32,886,1845,23980,863,1888,24604
335,1997,33,40,80,976,35,63,1457
336,1997,34,50,77,1640,95,172,4377
337,1997,35,195,429,4888,257,645,7755
338,1997,36,160,276,3482,191,325,11625
339,1997,37,179,406,10061,195,423,5586
340,1997,38,71,143,1436,119,242,2770
341,1997,39,160,316,4598,180,367,6738
342,1997,40,149,326,2983,174,400,4401
343,1997,41,2001,4127,53094,2120,4617,61545
344,1997,42,118,242,3217,171,323,5723
345,1997,44,7,11,155,10,20,302
346,1997,45,72,185,2263,116,274,3537
347,1997,46,71,143,1436,287,769,8261
348,1997,47,103,237,3285,112,255,3540
349,1997,48,730,1749,24741,786,1889,23170
350,1997,49,2179,4698,54113,1863,4660,52217
351,1997,50,27,43,577,28,50,471
352,1997,51,177,382,5852,202,394,6810
353,1997,53,3533,6834,101723,3613,7480,101846
354,1997,54,18,38,416,33,57,718
355,1997,55,146,332,4578,167,330,5580
356,1997,56,294,613,8007,405,932,10800
357,1997,57,460,923,10044,792,1521,12921
358,1998,1,62,132,1801,75,190,2440
359,1998,2,288,603,8046,325,689,11825
360,1998,4,862,1828,30729,798,1711,25454
361,1998,5,88,228,2370,82,184,2590
362,1998,6,2236,4495,59601,3251,6898,132743
363,1998,8,690,1450,20610,694,1454,26027
364,1998,9,45,80,1948,53,102,2732
365,1998,10,10,20,250,12,20,440
366,1998,11,13,17,278,18,26,508
367,1998,12,297,634,11325,351,701,10848
368,1998,13,158,341,4209,127,276,3815
369,1998,15,101,196,2138,125,276,3224
370,1998,17,209,460,5863,246,499,25664
371,1998,18,98,210,2660,113,249,3760
372,1998,19,101,264,2503,130,268,3668
373,1998,20,142,337,4112,150,351,5388
374,1998,21,81,175,2008,76,162,1727
375,1998,22,61,129,1904,78,171,2780
376,1998,23,34,75,991,24,48,754
377,1998,24,73,139,1906,101,236,4427
378,1998,25,85,134,2508,81,138,2785
379,1998,26,131,280,4280,177,356,6986
380,1998,27,163,352,4236,209,397,7820
381,1998,28,42,80,870,60,122,2194
382,1998,29,283,697,10321,194,416,5816
383,1998,30,724,1490,17899,997,2066,24708
384,1998,31,123,307,3505,140,350,5123
385,1998,32,814,1648,23905,867,1894,26160
386,1998,33,38,67,1122,36,60,1090
387,1998,34,64,120,1766,72,133,2346
388,1998,35,189,409,5662,274,624,11203
389,1998,36,160,291,5313,185,332,6212
390,1998,37,198,383,5553,148,353,4320
391,1998,38,68,154,1562,109,226,3033
392,1998,39,153,319,5110,181,402,7227
393,1998,40,149,336,3713,126,294,3656
394,1998,41,2034,4118,53861,2123,4476,62449
395,1998,42,118,220,3939,177,360,10105
396,1998,44,9,17,198,12,22,542
397,1998,45,56,134,1511,67,157,2718
398,1998,46,84,195,2376,118,294,3301
399,1998,47,110,247,3260,115,243,3695
400,1998,48,785,1874,25614,745,1711,23595
401,1998,49,2174,4717,54418,1993,5112,57867
402,1998,50,18,34,553,30,45,785
403,1998,51,234,529,8702,180,383,6787
404,1998,53,3669,7229,106409,3818,7823,122568
405,1998,54,22,53,565,35,73,851
406,1998,55,129,303,4436,165,317,4985
407,1998,56,330,717,9379,414,858,12699
408,1998,57,455,981,10079,558,1117,14533
409,1999,1,57,121,1843,75,178,2246
410,1999,2,357,764,11828,326,719,11505
411,1999,4,860,1702,24833,776,1647,28387
412,1999,5,66,174,2387,70,154,2319
413,1999,6,2208,4287,69053,3077,6514,132386
414,1999,8,741,1652,26590,686,1427,33811
415,1999,9,49,97,2474,50,102,2476
416,1999,10,9,20,181,10,17,299
417,1999,11,20,24,687,14,16,424
418,1999,12,357,755,13232,353,676,11295
419,1999,13,172,386,4944,151,351,6868
420,1999,15,80,146,2110,95,213,2980
421,1999,17,191,441,7269,242,544,11887
422,1999,18,116,243,3373,124,268,3581
423,1999,19,144,336,3784,125,246,3266
424,1999,20,136,306,3878,154,364,4561
425,1999,21,75,163,1573,67,155,3356
426,1999,22,65,131,1613,66,158,2465
427,1999,23,27,54,722,32,58,1153
428,1999,24,92,171,3060,89,203,3661
429,1999,25,84,145,2693,90,167,4374
430,1999,26,148,332,4468,155,280,5107
431,1999,27,163,320,5620,222,420,9254
432,1999,28,47,105,1289,58,125,1517
433,1999,29,195,465,6392,192,425,6479
434,1999,30,778,1603,21183,921,1873,22234
435,1999,31,118,267,3410,158,359,5899
436,1999,32,742,1480,24987,885,1918,31138
437,1999,33,29,51,1067,34,63,1052
438,1999,34,56,89,6610,80,137,3136
439,1999,35,190,397,6371,234,576,8257
440,1999,36,155,244,4478,172,303,13150
441,1999,37,171,345,5393,180,408,5231
442,1999,38,69,148,1564,121,235,3695
443,1999,39,178,387,6201,187,347,6706
444,1999,40,127,309,2906,126,279,3721
445,1999,41,2041,4219,56162,2136,4459,62039
446,1999,42,128,259,4547,156,293,6390
447,1999,44,18,25,685,12,26,476
448,1999,45,83,189,2666,78,158,2988
449,1999,46,91,227,2518,110,237,3409
450,1999,47,136,305,4795,121,271,4840
451,1999,48,776,1737,22158,792,1815,41733
452,1999,49,2160,4505,52176,2014,4949,69039
453,1999,50,46,83,1414,30,60,1693
454,1999,51,190,392,7156,186,372,6250
455,1999,53,3503,6749,107098,4020,8265,140935
456,1999,54,40,75,1384,27,69,808
457,1999,55,140,305,4662,166,303,5926
458,1999,56,324,729,11230,420,878,12920
459,1999,57,431,833,10775,591,1151,10929
460,2000,1,63,155,1993,67,186,3076
461,2000,2,303,592,8708,368,815,14838
462,2000,4,970,1943,33236,828,1816,28545
463,2000,5,78,180,2228,67,159,1888
464,2000,6,2246,4370,74556,3174,6648,137097
465,2000,8,672,1331,22641,738,1592,29780
466,2000,9,73,143,2896,41,72,1702
467,2000,10,10,25,343,12,39,1266
468,2000,11,29,38,813,12,24,759
469,2000,12,393,794,13141,359,748,12931
470,2000,13,173,369,5611,177,407,7109
471,2000,15,118,230,3361,82,178,2603
472,2000,17,175,359,7116,261,567,12444
473,2000,18,123,269,3532,120,271,4775
474,2000,19,115,264,3587,141,301,4956
475,2000,20,134,342,4213,151,366,4768
476,2000,21,77,176,2657,70,157,2550
477,2000,22,59,116,1643,64,140,2072
478,2000,23,32,63,1124,30,75,1829
479,2000,24,86,192,3541,110,219,6279
480,2000,25,103,175,3554,88,141,4735
481,2000,26,163,351,5578,180,333,9184
482,2000,27,222,478,10047,213,402,8113
483,2000,28,51,101,1949,54,113,1453
484,2000,29,173,386,4361,180,406,6994
485,2000,30,753,1491,19508,948,1960,39345
486,2000,31,166,400,5941,137,330,4821
487,2000,32,820,1629,26726,922,1901,32000
488,2000,33,39,76,1493,38,66,1509
489,2000,34,58,101,2275,85,154,3724
490,2000,35,224,478,7319,227,479,8798
491,2000,36,156,257,4923,179,320,6179
492,2000,37,192,396,6265,212,407,8027
493,2000,38,61,133,1423,108,225,3410
494,2000,39,158,351,6893,197,357,12541
495,2000,40,114,224,2366,152,342,4920
496,2000,41,1936,3986,53587,2118,4365,61889
497,2000,42,175,374,7291,178,374,7969
498,2000,44,10,16,381,20,33,536
499,2000,45,91,191,3229,81,184,3423
500,2000,46,92,190,3600,88,173,2747
501,2000,47,124,266,4022,148,304,6466
502,2000,48,758,1804,29607,772,1747,33362
503,2000,49,2173,4571,56764,2222,5606,82541
504,2000,50,28,73,1160,32,62,2232
505,2000,51,249,573,10024,204,450,10496
506,2000,53,3629,7117,128881,3902,8161,161322
507,2000,54,38,82,1621,30,57,880
508,2000,55,116,244,3816,142,272,5586
509,2000,56,346,731,12098,485,1009,15392
510,2000,57,505,1044,13441,692,1265,14188
511,2001,1,72,181,3910,84,191,3909
512,2001,2,346,672,11400,334,693,13983
513,2001,4,979,1993,33315,869,1908,33199
514,2001,5,90,244,3004,98,252,2629
515,2001,6,2392,4515,103265,3231,6839,169192
516,2001,8,788,1606,31398,832,1755,39017
517,2001,9,39,74,1331,63,115,4144
518,2001,10,11,27,345,12,14,264
519,2001,11,21,29,1079,21,27,1217
520,2001,12,367,773,14504,350,697,13185
521,2001,13,185,400,5721,169,347,6406
522,2001,15,138,248,3556,112,202,3140
523,2001,17,206,414,8679,227,470,10560
524,2001,18,117,245,4060,122,247,4343
525,2001,19,112,264,3171,125,285,4398
526,2001,20,126,308,3972,156,369,5604
527,2001,21,81,164,2339,84,172,3102
528,2001,22,59,130,1838,98,219,4016
529,2001,23,23,48,781,37,64,921
530,2001,24,102,192,4392,69,123,3232
531,2001,25,75,145,3988,80,133,11694
532,2001,26,155,314,6183,186,391,7802
533,2001,27,205,418,8821,205,434,9139
534,2001,28,53,102,1593,68,145,2179
535,2001,29,198,433,6515,233,520,8533
536,2001,30,778,1655,25264,1052,2087,31500
537,2001,31,112,235,3482,160,346,4973
538,2001,32,794,1565,43670,910,1958,32090
539,2001,33,34,75,1313,49,89,1435
540,2001,34,71,123,3063,66,128,3031
541,2001,35,180,366,5342,232,508,8533
542,2001,36,176,320,5805,176,330,8532
543,2001,37,192,376,5692,181,386,6434
544,2001,38,67,135,2613,124,262,3716
545,2001,39,141,309,5058,180,374,8914
546,2001,40,169,357,5783,155,340,4958
547,2001,41,2051,4070,62206,2124,4423,75526
548,2001,42,147,299,5415,195,367,6912
549,2001,44,11,28,437,16,46,696
550,2001,45,84,174,3185,100,260,7632
551,2001,46,86,185,3314,96,197,2871
552,2001,47,137,303,4851,134,278,5419
553,2001,48,774,1757,30398,864,1910,39502
554,2001,49,2331,4927,73656,2080,5005,112861
555,2001,50,20,32,550,25,55,816
556,2001,51,217,493,10072,185,403,8316
557,2001,53,3871,7408,155740,3614,7519,144442
558,2001,54,24,63,682,35,78,1495
559,2001,55,144,323,6303,157,318,7538
560,2001,56,370,780,11871,470,984,20294
561,2001,57,511,985,13947,705,1260,14814
562,2002,1,103,215,3186,74,164,2694
563,2002,2,347,710,11507,354,729,15428
564,2002,4,967,1896,31991,889,1861,30844
565,2002,5,79,176,2115,85,182,2926
566,2002,6,2197,4123,74683,3351,7309,159535
567,2002,8,761,1476,25698,819,1796,33047
568,2002,9,53,94,1364,42,68,1559
569,2002,10,12,20,395,12,17,477
570,2002,11,19,28,640,17,25,818
571,2002,12,419,832,15097,374,768,13471
572,2002,13,189,403,7775,176,414,5791
573,2002,15,135,224,3552,136,281,4208
574,2002,17,187,382,8089,233,452,10224
575,2002,18,103,214,3315,139,277,5200
576,2002,19,103,232,2889,152,358,5740
577,2002,20,122,259,4114,169,410,6452
578,2002,21,87,191,2408,79,194,15117
579,2002,22,82,184,2756,73,148,3703
580,2002,23,28,61,785,42,69,1051
581,2002,24,76,182,3090,88,181,3749
582,2002,25,81,145,3520,80,142,3918
583,2002,26,148,336,5463,176,372,7713
584,2002,27,188,398,8433,255,480,10559
585,2002,28,44,86,1331,76,147,2347
586,2002,29,198,462,6717,183,382,7078
587,2002,30,884,1860,29321,943,1824,27046
588,2002,31,110,254,3406,170,425,7018
589,2002,32,784,1599,25682,925,1914,73371
590,2002,33,29,59,2768,35,62,1334
591,2002,34,58,117,2298,75,134,4308
592,2002,35,190,407,6123,206,431,7551
593,2002,36,172,309,5304,204,373,8505
594,2002,37,197,392,6325,198,378,6190
595,2002,38,72,166,2088,141,261,5061
596,2002,39,153,320,5134,204,405,9092
597,2002,40,177,374,4480,173,360,6164
598,2002,41,1963,4001,58596,2069,4273,58548
599,2002,42,156,325,6021,166,309,9353
600,2002,44,20,33,597,14,21,382
601,2002,45,95,196,3148,71,151,2580
602,2002,46,72,142,2058,130,257,5373
603,2002,47,131,269,4379,126,261,4888
604,2002,48,834,1915,29691,758,1694,28248
605,2002,49,2175,4518,62413,1993,4800,68003
606,2002,50,24,49,544,28,43,2149
607,2002,51,221,477,12270,206,461,11324
608,2002,53,3791,7219,128383,3786,7563,131189
609,2002,54,27,51,776,35,83,1066
610,2002,55,137,258,4906,150,269,4838
611,2002,56,441,898,14330,486,1002,16444
612,2002,57,492,951,13134,669,1177,13329
613,2003,1,59,129,2343,68,150,2875
614,2003,2,360,765,12600,381,852,16914
615,2003,4,938,1846,29019,931,1987,31948
616,2003,5,93,204,3139,86,179,2129
617,2003,6,2124,4013,66268,3421,7316,153398
618,2003,8,673,1343,24613,906,1887,34914
619,2003,9,40,64,1014,59,102,2509
620,2003,10,14,28,398,9,21,462
621,2003,11,20,20,470,8,23,344
622,2003,12,431,830,17024,431,819,14611
623,2003,13,199,450,7532,178,347,6388
624,2003,15,133,238,3297,137,267,4251
625,2003,17,179,352,5832,243,536,10493
626,2003,18,96,205,3384,103,225,3472
627,2003,19,122,284,3839,123,281,4154
628,2003,20,134,290,4593,154,333,6063
629,2003,21,81,171,2668,81,177,2004
630,2003,22,85,157,3314,78,178,2798
631,2003,23,32,76,1316,35,62,965
632,2003,24,110,224,4253,107,225,4807
633,2003,25,76,117,3722,107,193,5131
634,2003,26,142,295,4703,190,383,6092
635,2003,27,170,323,6102,216,468,9335
636,2003,28,45,109,1719,53,110,1389
637,2003,29,219,508,5397,173,344,6026
638,2003,30,748,1564,23748,944,1893,28870
639,2003,31,103,236,3392,134,325,4314
640,2003,32,829,1659,26476,873,1770,31764
641,2003,33,36,74,1627,42,83,1459
642,2003,34,64,120,1624,84,169,4985
643,2003,35,203,426,7124,172,413,7501
644,2003,36,172,285,4367,218,426,8843
645,2003,37,175,323,5327,193,419,6759
646,2003,38,88,212,2671,107,234,2662
647,2003,39,138,279,3787,193,353,7650
648,2003,40,147,354,3689,144,320,3754
649,2003,41,1845,3648,51043,1979,4138,64291
650,2003,42,147,274,4802,183,367,8253
651,2003,44,16,27,384,18,34,680
652,2003,45,109,221,3465,78,155,3120
653,2003,46,108,255,3552,112,211,3309
654,2003,47,129,272,4293,121,245,5553
655,2003,48,758,1699,23660,840,1822,32162
656,2003,49,1946,4142,55335,2026,4869,66620
657,2003,50,21,42,671,43,83,1566
658,2003,51,240,562,13429,207,456,10253
659,2003,53,3568,6937,113482,3787,7615,133024
660,2003,54,28,63,734,29,56,663
661,2003,55,138,277,4277,180,330,6628
662,2003,56,350,762,11471,552,1120,17760
663,2003,57,562,995,14138,752,1274,12882
664,2004,1,59,127,1993,68,156,2914
665,2004,2,323,699,11296,370,815,16112
666,2004,4,956,1956,31617,868,1827,32703
667,2004,5,100,219,2797,77,176,2508
668,2004,6,2043,3855,64161,4202,9208,181281
669,2004,8,612,1242,22312,839,1721,35116
670,2004,9,41,74,1388,55,98,3742
671,2004,10,12,17,374,12,19,286
672,2004,11,18,27,838,14,23,948
673,2004,12,457,919,15604,395,761,14368
674,2004,13,168,365,6190,167,330,5852
675,2004,15,145,275,4839,137,326,4627
676,2004,17,193,436,7763,281,594,12944
677,2004,18,96,199,2738,157,329,5184
678,2004,19,104,240,3456,115,241,3673
679,2004,20,102,239,2839,157,332,4492
680,2004,21,65,140,1690,90,173,3816
681,2004,22,70,131,1993,68,153,2079
682,2004,23,29,58,721,30,57,1295
683,2004,24,77,128,2373,112,210,5560
684,2004,25,70,117,7112,90,163,3764
685,2004,26,125,255,4368,183,355,6847
686,2004,27,169,348,5399,218,394,7562
687,2004,28,44,105,1698,65,139,2658
688,2004,29,175,416,4666,192,402,4892
689,2004,30,826,1605,25447,970,1908,30043
690,2004,31,121,285,4761,116,293,4380
691,2004,32,837,1699,29514,900,1893,31148
692,2004,33,23,39,747,49,104,2220
693,2004,34,55,95,3115,96,182,4122
694,2004,35,200,422,8324,211,447,10239
695,2004,36,154,263,4860,230,398,10852
696,2004,37,208,441,6975,201,410,7786
697,2004,38,73,151,2242,84,163,2822
698,2004,39,167,385,6524,180,359,8159
699,2004,40,122,309,3743,175,403,5048
700,2004,41,1737,3489,49327,2082,4314,69126
701,2004,42,136,262,5611,183,361,7951
702,2004,44,10,21,325,19,43,529
703,2004,45,91,209,3353,66,126,1979
704,2004,46,94,206,3492,85,179,2766
705,2004,47,114,238,4337,108,210,2876
706,2004,48,770,1675,25400,798,1764,30378
707,2004,49,2024,4419,58291,2023,4990,67321
708,2004,50,30,61,1010,37,62,1018
709,2004,51,272,568,13487,239,517,12739
710,2004,53,3596,6914,119022,3918,7844,141616
711,2004,54,31,53,5230,27,43,950
712,2004,55,122,281,5198,183,356,7129
713,2004,56,352,769,14250,487,974,15437
714,2004,57,528,988,14449,764,1306,16679
715,2005,1,74,175,2853,85,196,4469
716,2005,2,325,687,11600,407,864,18684
717,2005,4,971,1896,33105,1057,2286,41438
718,2005,5,99,230,2593,82,171,2800
719,2005,6,2024,3774,67762,5639,12777,272786
720,2005,8,624,1217,21298,904,1899,42255
721,2005,9,29,54,1016,63,134,4304
722,2005,10,9,23,272,27,61,1455
723,2005,11,28,37,1136,12,25,648
724,2005,12,479,954,18211,467,865,21206
725,2005,13,169,352,5370,177,376,6839
726,2005,15,136,271,6954,136,304,4481
727,2005,17,201,423,7011,266,532,12627
728,2005,18,104,204,4261,147,306,3936
729,2005,19,98,252,3608,159,341,6933
730,2005,20,116,263,4352,159,380,5991
731,2005,21,80,169,3124,87,181,3568
732,2005,22,78,143,2141,73,165,2736
733,2005,23,40,63,1348,46,95,2450
734,2005,24,91,179,3866,108,244,4779
735,2005,25,72,130,2514,98,183,4993
736,2005,26,117,237,3777,205,409,7755
737,2005,27,160,323,5592,204,405,9029
738,2005,28,49,107,1101,65,147,2132
739,2005,29,179,398,5338,196,432,7076
740,2005,30,732,1532,26399,951,1831,29194
741,2005,31,113,275,3473,129,295,5087
742,2005,32,978,1994,36144,1260,2714,50215
743,2005,33,43,84,1488,38,61,1509
744,2005,34,55,96,2199,78,160,4181
745,2005,35,211,439,8138,193,401,7075
746,2005,36,184,297,5811,202,383,7705
747,2005,37,195,403,6615,195,395,7455
748,2005,38,69,139,1837,120,240,4083
749,2005,39,144,318,4887,214,394,8089
750,2005,40,124,251,3342,155,313,4334
751,2005,41,1828,3533,56277,2096,4357,76294
752,2005,42,155,309,5049,183,374,8588
753,2005,44,9,26,430,22,36,689
754,2005,45,75,177,2741,90,175,4847
755,2005,46,71,162,1936,106,206,3680
756,2005,47,154,347,5957,132,261,4949
757,2005,48,738,1673,28706,864,1930,34110
758,2005,49,2097,4751,66951,2070,5162,73539
759,2005,50,21,34,643,31,62,1883
760,2005,51,320,724,21461,256,586,13993
761,2005,53,3611,7012,128427,4023,8181,179124
762,2005,54,33,67,1387,17,28,356
763,2005,55,124,265,5702,154,282,7875
764,2005,56,374,778,12378,555,1150,20097
765,2005,57,546,1037,18194,742,1278,16721
766,2006,1,92,220,3658,77,199,3691
767,2006,2,350,711,12121,446,931,18072
768,2006,4,1073,2143,43557,1216,2774,55858
769,2006,5,88,193,3192,103,236,4451
770,2006,6,2054,3773,75574,6650,15679,356341
771,2006,8,698,1384,26812,890,1824,49398
772,2006,9,40,73,3749,60,89,4357
773,2006,10,12,22,328,13,26,607
774,2006,11,33,47,1254,7,13,456
775,2006,12,411,838,16012,498,1046,21959
776,2006,13,155,344,5409,178,398,8540
777,2006,15,142,261,4726,163,349,6959
778,2006,17,214,443,8366,263,549,13398
779,2006,18,119,246,3840,135,307,6622
780,2006,19,114,245,4114,115,256,4734
781,2006,20,126,251,4241,159,364,7078
782,2006,21,88,193,3657,83,168,2351
783,2006,22,70,137,2603,130,264,4692
784,2006,23,38,61,1036,35,66,1013
785,2006,24,97,194,3646,118,294,6209
786,2006,25,76,117,2260,93,174,7175
787,2006,26,137,294,4963,214,443,8079
788,2006,27,173,345,8045,204,385,13275
789,2006,28,60,131,1936,81,172,2689
790,2006,29,226,498,7820,211,448,8006
791,2006,30,891,1834,32134,838,1622,28442
792,2006,31,138,324,6529,127,294,6389
793,2006,32,889,1791,31055,1384,2998,66470
794,2006,33,36,74,1857,61,128,3183
795,2006,34,60,105,2143,100,220,5321
796,2006,35,236,525,10437,219,454,9758
797,2006,36,155,277,5263,216,429,8745
798,2006,37,215,451,7308,236,470,8837
799,2006,38,72,141,2713,107,185,3797
800,2006,39,138,299,4404,221,466,11541
801,2006,40,150,345,3949,149,343,5082
802,2006,41,1967,4000,65928,2295,4695,81274
803,2006,42,156,327,6002,222,416,9973
804,2006,44,8,12,315,19,45,571
805,2006,45,96,206,3518,96,238,6996
806,2006,46,99,202,3797,117,240,4134
807,2006,47,158,364,6741,146,326,5781
808,2006,48,829,1812,31145,825,1870,35633
809,2006,49,2200,5033,70493,2120,5259,79212
810,2006,50,28,43,1134,33,59,1439
811,2006,51,358,857,21970,308,703,15818
812,2006,53,4004,7818,149138,4154,8310,165889
813,2006,54,33,55,751,28,72,874
814,2006,55,140,320,5588,162,352,7227
815,2006,56,444,943,21619,521,1039,19372
816,2006,57,499,960,15909,736,1369,19937
817,2007,1,80,184,3421,74,163,2852
818,2007,2,308,643,12729,454,949,20461
819,2007,4,961,1906,40794,1226,2820,55367
820,2007,5,82,186,3556,108,197,7607
821,2007,6,2057,3955,89955,5543,12785,292840
822,2007,8,675,1431,35721,812,1646,42525
823,2007,9,35,56,1404,55,92,3323
824,2007,10,16,33,632,15,24,631
825,2007,11,25,28,678,23,34,1152
826,2007,12,403,777,16317,513,1070,21573
827,2007,13,170,337,7542,190,441,8332
828,2007,15,139,266,6885,193,396,12820
829,2007,17,228,476,14187,264,518,13298
830,2007,18,113,261,4506,132,284,5379
831,2007,19,115,262,4089,132,265,5173
832,2007,20,123,269,4772,167,341,8340
833,2007,21,96,222,3025,73,152,2602
834,2007,22,97,218,3776,72,140,2666
835,2007,23,38,69,1310,45,85,1903
836,2007,24,97,176,4372,136,320,7631
837,2007,25,78,127,15512,83,138,4175
838,2007,26,111,225,3749,266,538,10045
839,2007,27,179,393,9616,214,445,10270
840,2007,28,52,117,1902,64,130,2026
841,2007,29,208,479,7802,239,504,8374
842,2007,30,894,1790,31846,880,1715,30749
843,2007,31,111,283,6155,152,355,6910
844,2007,32,873,1667,31933,1235,2678,64048
845,2007,33,28,35,1066,39,79,4863
846,2007,34,58,107,2654,95,186,4325
847,2007,35,203,413,9564,270,576,15521
848,2007,36,206,366,10137,214,393,7936
849,2007,37,250,552,10009,237,549,9721
850,2007,38,70,153,2804,90,171,3114
851,2007,39,147,333,6423,244,503,13075
852,2007,40,159,373,5624,149,325,5399
853,2007,41,1889,3662,77255,2196,4564,82519
854,2007,42,168,330,7267,181,369,10381
855,2007,44,20,43,1972,11,25,443
856,2007,45,94,209,6106,99,222,4599
857,2007,46,89,198,3250,112,225,4133
858,2007,47,164,375,7605,144,281,7533
859,2007,48,917,2051,39059,840,1828,35623
860,2007,49,2414,5618,105457,2121,5293,86508
861,2007,50,20,35,1155,40,86,1736
862,2007,51,310,658,18941,312,685,21594
863,2007,53,3797,7105,154815,4148,8268,175070
864,2007,54,24,45,743,31,65,963
865,2007,55,158,362,6669,168,320,6567
866,2007,56,518,1126,32281,537,1089,22646
867,2007,57,481,929,16481,711,1278,20617
868,2008,1,82,184,3541,79,170,3123
869,2008,2,323,678,14404,450,951,19882
870,2008,4,960,1947,39469,1247,2686,57402
871,2008,5,91,197,2747,105,235,4116
872,2008,6,2337,4397,100454,4576,9589,236005
873,2008,8,764,1540,37685,808,1692,40309
874,2008,9,43,83,2179,62,108,4399
875,2008,10,10,17,274,19,39,682
876,2008,11,30,32,1193,18,21,987
877,2008,12,421,819,42891,497,1006,20981
878,2008,13,170,378,6183,203,455,8171
879,2008,15,175,318,5842,179,367,9284
880,2008,17,232,471,10723,266,502,13941
881,2008,18,108,217,3396,131,288,5290
882,2008,19,122,277,4618,123,276,4884
883,2008,20,137,307,4729,170,395,6796
884,2008,21,75,182,1833,115,255,4383
885,2008,22,79,144,3072,105,186,5147
886,2008,23,33,68,2200,39,72,1365
887,2008,24,96,175,3567,140,280,6400
888,2008,25,94,144,5157,94,172,3999
889,2008,26,153,331,6311,262,477,9369
890,2008,27,326,802,32446,228,427,10460
891,2008,28,54,110,2220,64,128,1928
892,2008,29,215,463,7813,227,464,8627
893,2008,30,896,1773,34631,966,1883,34044
894,2008,31,118,236,3036,130,273,5587
895,2008,32,915,1808,34753,1274,2710,56887
896,2008,33,29,61,1666,41,78,1583
897,2008,34,54,95,2300,59,125,5618
898,2008,35,211,424,9401,253,558,11964
899,2008,36,225,412,8588,233,407,10907
900,2008,37,215,477,10054,235,525,11844
901,2008,38,83,170,3126,104,201,4760
902,2008,39,205,465,8744,240,505,12647
903,2008,40,155,335,4258,138,259,5257
904,2008,41,1986,3837,71301,2108,4240,82880
905,2008,42,155,339,7394,204,391,10960
906,2008,44,12,30,394,16,28,590
907,2008,45,129,298,7133,92,179,3993
908,2008,46,95,208,4763,125,220,4404
909,2008,47,164,324,7286,170,391,7110
910,2008,48,912,2052,37047,794,1790,36469
911,2008,49,2485,5520,121337,2218,5489,92591
912,2008,50,25,45,994,33,69,2844
913,2008,51,323,746,22393,340,777,20346
914,2008,53,4213,7939,161352,4167,7967,175134
915,2008,54,32,68,1100,27,49,1000
916,2008,55,171,353,7172,211,388,10953
917,2008,56,513,1157,22434,579,1173,25249
918,2008,57,421,822,15840,744,1303,18305
919,2009,1,73,172,2826,85,190,3234
920,2009,2,358,751,16471,362,745,17510
921,2009,4,1033,2122,36893,1010,2242,38124
922,2009,5,105,230,4053,70,162,2736
923,2009,6,2455,4811,93863,3735,7758,164882
924,2009,8,845,1713,35060,706,1465,31739
925,2009,9,46,84,1610,41,84,2689
926,2009,10,18,30,802,17,36,879
927,2009,11,28,32,1497,15,18,903
928,2009,12,414,867,23668,434,830,20309
929,2009,13,190,371,7446,192,415,7407
930,2009,15,167,336,5083,186,340,6049
931,2009,17,226,424,9100,267,543,16695
932,2009,18,126,280,5334,130,310,6508
933,2009,19,149,348,5452,167,343,6070
934,2009,20,169,393,5604,135,270,3826
935,2009,21,91,194,3120,80,161,3452
936,2009,22,89,168,3443,84,180,5251
937,2009,23,33,55,1336,46,80,1474
938,2009,24,104,198,4248,88,183,7043
939,2009,25,75,115,2846,72,129,3474
940,2009,26,137,254,4442,222,465,8696
941,2009,27,214,506,13512,193,365,7605
942,2009,28,59,140,1730,56,113,2027
943,2009,29,191,396,5862,172,356,6862
944,2009,30,877,1729,34962,885,1695,32021
945,2009,31,143,339,5093,114,257,6272
946,2009,32,850,1734,32727,1054,2253,39624
947,2009,33,20,37,815,26,46,1011
948,2009,34,60,126,3249,70,123,14169
949,2009,35,235,517,10102,219,484,10461
950,2009,36,208,377,9106,246,464,9495
951,2009,37,252,529,10658,220,451,8009
952,2009,38,108,234,3915,76,151,3366
953,2009,39,166,347,6038,178,331,8329
954,2009,40,188,399,5501,134,300,5018
955,2009,41,2013,3905,65003,1992,4065,68154
956,2009,42,163,348,6921,185,342,8984
957,2009,44,10,19,470,15,25,568
958,2009,45,80,161,3269,110,262,4864
959,2009,46,111,224,4467,95,193,3892
960,2009,47,183,381,6796,121,229,4204
961,2009,48,1004,2253,42620,720,1614,31304
962,2009,49,2501,5587,82784,2104,5062,76879
963,2009,50,20,31,1173,37,64,2002
964,2009,51,363,796,19794,275,612,23159
965,2009,53,4346,8229,157549,3967,7686,156822
966,2009,54,30,88,1073,25,52,1385
967,2009,55,144,291,6332,172,332,7107
968,2009,56,619,1368,25527,504,1026,21424
969,2009,57,462,889,14756,662,1161,17666
970,2010,1,75,171,2635,60,143,2132
971,2010,2,362,705,13614,357,718,19924
972,2010,4,971,2151,34212,892,2017,31674
973,2010,5,94,213,4334,66,150,1600
974,2010,6,2254,4505,77325,3265,6735,139570
975,2010,8,700,1450,26887,646,1362,37774
976,2010,9,36,70,2519,39,66,1514
977,2010,10,14,26,521,11,27,542
978,2010,11,23,27,860,17,22,1121
979,2010,12,432,863,17919,396,770,12626
980,2010,13,171,382,4948,190,427,8822
981,2010,15,177,337,4837,148,297,4827
982,2010,17,238,480,8278,208,393,12320
983,2010,18,130,315,5442,137,297,5071
984,2010,19,119,269,2912,108,244,4484
985,2010,20,145,337,4565,123,273,4375
986,2010,21,103,229,2580,81,168,2785
987,2010,22,95,176,3362,72,141,2616
988,2010,23,23,49,1084,43,76,1742
989,2010,24,91,184,3782,77,156,4523
990,2010,25,95,180,4212,76,141,2323
991,2010,26,125,232,3942,200,377,8101
992,2010,27,173,331,6883,191,359,7772
993,2010,28,58,126,1994,51,100,1742
994,2010,29,200,437,6445,173,383,7428
995,2010,30,750,1501,23912,713,1408,22018
996,2010,31,119,297,4217,117,288,4036
997,2010,32,801,1636,32113,924,2005,34692
998,2010,33,26,48,1163,34,53,1175
999,2010,34,58,109,2889,76,134,3658
1000,2010,35,213,478,8134,157,327,8449
1001,2010,36,215,347,7569,195,334,6811
1002,2010,37,248,519,8350,247,565,11468
1003,2010,38,126,282,4480,93,168,3606
1004,2010,39,185,442,6060,166,373,5849
1005,2010,40,183,433,6735,153,305,4364
1006,2010,41,1814,3538,52685,1808,3663,64133
1007,2010,42,158,293,6618,167,350,7996
1008,2010,44,10,14,452,22,48,1096
1009,2010,45,106,243,3709,72,162,2757
1010,2010,46,106,225,3848,110,221,7004
1011,2010,47,155,312,5919,124,266,5058
1012,2010,48,943,2181,29005,746,1639,31177
1013,2010,49,2386,5297,75512,1879,4548,61800
1014,2010,50,17,36,549,23,43,1098
1015,2010,51,319,717,21205,240,499,14695
1016,2010,53,3848,7472,136765,3553,6967,125307
1017,2010,54,24,57,854,32,63,1165
1018,2010,55,128,254,4442,147,283,5362
1019,2010,56,445,1011,18290,522,1070,19158
1020,2010,57,492,963,16530,359,773,15692
1021,2011,1,93,237,4242,76,167,3127
1022,2011,2,352,679,13706,369,739,18574
1023,2011,4,1000,2100,35348,957,2226,38654
1024,2011,5,105,247,3384,75,173,3146
1025,2011,6,2279,4517,79242,3337,6876,171736
1026,2011,8,770,1684,35135,686,1400,29790
1027,2011,9,47,96,1696,49,103,3965
1028,2011,10,21,45,834,11,27,570
1029,2011,11,21,22,601,13,19,617
1030,2011,12,582,1035,19367,404,794,16911
1031,2011,13,200,406,5786,247,495,10524
1032,2011,15,180,329,5747,148,293,5554
1033,2011,17,206,417,7555,266,507,18584
1034,2011,18,131,259,5469,119,236,4418
1035,2011,19,114,281,40,135,258,5710
1036,2011,20,131,298,3921,151,315,5815
1037,2011,21,85,187,3022,91,191,3501
1038,2011,22,70,137,2420,97,202,3609
1039,2011,23,33,70,1874,39,58,1582
1040,2011,24,100,193,4835,103,207,4992
1041,2011,25,89,151,3673,80,124,4282
1042,2011,26,165,331,4817,172,326,6090
1043,2011,27,194,410,8170,203,394,11645
1044,2011,28,52,105,1386,65,137,2083
1045,2011,29,214,490,7637,179,406,7476
1046,2011,30,833,1595,26985,807,1559,29776
1047,2011,31,123,273,4132,106,235,3996
1048,2011,32,784,1600,30236,996,2109,39081
1049,2011,33,30,60,1206,46,81,1803
1050,2011,34,70,144,3626,90,141,3464
1051,2011,35,224,503,9442,171,379,8902
1052,2011,36,202,347,6159,250,478,11761
1053,2011,37,267,584,10808,246,527,10130
1054,2011,38,253,584,10350,105,224,5060
1055,2011,39,196,425,7369,157,347,7557
1056,2011,40,156,372,6103,156,356,5263
1057,2011,41,1895,3786,57283,1865,3891,64129
1058,2011,42,185,374,7879,183,336,10193
1059,2011,44,9,22,368,12,14,470
1060,2011,45,106,246,5031,106,173,3426
1061,2011,46,115,255,4787,99,179,3462
1062,2011,47,144,325,4872,147,318,6825
1063,2011,48,1004,2292,39898,783,1761,35177
1064,2011,49,2298,5220,73501,1945,4627,69855
1065,2011,50,26,52,638,21,31,493
1066,2011,51,244,550,11475,263,595,13885
1067,2011,53,3885,7616,138976,3742,7322,145400
1068,2011,54,38,67,1024,19,36,547
1069,2011,55,157,315,6566,141,265,6335
1070,2011,56,545,1196,21673,465,1023,21129
1071,2011,57,477,959,16377,415,694,25488
1072,2012,1,98,225,3713,90,188,3706
1073,2012,2,360,755,17338,494,1057,25658
1074,2012,4,1119,2351,46668,1102,2435,49929
1075,2012,5,112,241,3907,103,225,3574
1076,2012,6,2715,5600,229239,3790,7770,189646
1077,2012,8,809,1631,37105,739,1582,36741
1078,2012,9,45,85,1593,44,86,3397
1079,2012,10,13,29,744,18,44,1066
1080,2012,11,36,45,1376,31,53,3731
1081,2012,12,651,1180,35107,631,1079,24694
1082,2012,13,325,588,11549,264,483,9388
1083,2012,15,215,443,8187,200,400,10128
1084,2012,17,252,522,10420,255,492,15061
1085,2012,18,131,272,5230,143,310,5807
1086,2012,19,131,273,4708,119,270,5060
1087,2012,20,165,381,10544,165,371,6973
1088,2012,21,91,197,2708,130,284,5464
1089,2012,22,94,190,4114,99,240,5149
1090,2012,23,43,75,1326,43,88,2730
1091,2012,24,105,222,4570,89,167,6040
1092,2012,25,91,173,4360,104,171,4879
1093,2012,26,178,360,7442,180,363,7500
1094,2012,27,229,445,9105,213,428,10903
1095,2012,28,50,117,1502,62,128,4202
1096,2012,29,219,485,8688,224,513,8523
1097,2012,30,882,1853,31330,913,1831,34280
1098,2012,31,148,361,4505,119,274,5754
1099,2012,32,1003,2133,43255,990,2113,46106
1100,2012,33,39,73,1515,47,83,-7769
1101,2012,34,70,115,2415,97,195,6189
1102,2012,35,205,459,9520,229,502,10799
1103,2012,36,252,497,10151,205,377,9533
1104,2012,37,275,622,10821,253,573,11858
1105,2012,38,496,1152,18330,159,364,8218
1106,2012,39,163,364,6337,213,459,13179
1107,2012,40,161,344,5147,188,407,8193
1108,2012,41,1988,4136,67427,2153,4542,84832
1109,2012,42,232,433,7179,201,389,9576
1110,2012,44,12,19,336,20,37,776
1111,2012,45,111,229,4266,98,232,4694
1112,2012,46,115,235,4778,111,230,4724
1113,2012,47,180,431,9583,200,417,8057
1114,2012,48,1229,2779,52149,917,2050,47188
1115,2012,49,2474,5835,89369,2020,4927,76172
1116,2012,50,32,65,1814,33,51,1552
1117,2012,51,271,586,12807,284,633,19867
1118,2012,53,4021,7977,169917,4275,8587,183336
1119,2012,54,31,76,1416,46,79,1485
1120,2012,55,142,288,6439,174,375,8208
1121,2012,56,616,1447,26344,534,1097,21709
1122,2012,57,511,1123,23305,445,904,19870
1123,2013,1,77,176,2764,89,212,4270
1124,2013,2,350,712,15286,548,1271,38432
1125,2013,4,1171,2453,59103,1228,2776,57326
1126,2013,5,86,176,3530,103,225,5316
1127,2013,6,2639,5095,113266,4300,8934,503186
1128,2013,8,868,1773,38560,863,1772,44645
1129,2013,9,34,71,1349,68,142,4588
1130,2013,10,15,25,431,11,21,331
1131,2013,11,24,28,1085,23,33,1588
1132,2013,12,539,1114,28054,608,1168,26172
1133,2013,13,236,482,9232,264,570,12757
1134,2013,15,207,373,9665,193,400,7809
1135,2013,17,229,479,12129,282,635,19904
1136,2013,18,124,238,4871,142,309,9228
1137,2013,19,118,297,5844,119,251,5135
1138,2013,20,141,297,5157,164,414,8549
1139,2013,21,97,207,3782,96,237,4093
1140,2013,22,99,207,5997,95,191,3499
1141,2013,23,36,80,1702,34,64,1516
1142,2013,24,114,229,5772,132,260,9012
1143,2013,25,100,192,4321,106,196,6566
1144,2013,26,191,383,7318,190,417,9981
1145,2013,27,187,365,7381,253,515,17945
1146,2013,28,46,100,2148,79,185,2990
1147,2013,29,222,492,7170,218,533,9852
1148,2013,30,942,1927,38557,949,1910,40346
1149,2013,31,133,314,5752,156,340,8674
1150,2013,32,960,2064,45846,1047,2288,52406
1151,2013,33,41,89,2031,43,63,3690
1152,2013,34,70,146,3731,87,175,5506
1153,2013,35,194,429,8185,256,560,13973
1154,2013,36,239,417,9951,269,537,11819
1155,2013,37,263,589,12562,278,608,13527
1156,2013,38,541,1236,28209,272,567,14563
1157,2013,39,204,451,7975,231,500,11214
1158,2013,40,193,456,7918,194,413,8698
1159,2013,41,2060,4336,76449,2321,4768,95480
1160,2013,42,178,380,6607,207,394,11141
1161,2013,44,12,15,263,14,32,643
1162,2013,45,106,248,4241,115,257,5084
1163,2013,46,121,250,5551,96,215,4598
1164,2013,47,177,384,8741,151,341,9787
1165,2013,48,1115,2587,59362,1071,2414,53706
1166,2013,49,2437,5739,95316,2243,5491,104141
1167,2013,50,26,47,1501,29,58,2169
1168,2013,51,254,516,12894,322,763,20009
1169,2013,53,4204,8081,155189,4507,9064,210825
1170,2013,54,29,68,1003,31,70,1489
1171,2013,55,157,304,8102,203,397,10632
1172,2013,56,579,1424,27280,603,1323,34746
1173,2013,57,417,839,23637,365,841,19242
1174,2014,1,68,159,2682,89,216,3845
1175,2014,2,305,642,16262,463,999,28809
1176,2014,4,1099,2407,56081,1159,2493,64382
1177,2014,5,86,179,3025,96,223,4915
1178,2014,6,2464,4631,102760,4213,8867,249970
1179,2014,8,836,1686,37967,909,1916,50887
1180,2014,9,47,88,2213,56,121,3629
1181,2014,10,20,40,936,15,29,620
1182,2014,11,26,34,1141,22,31,1163
1183,2014,12,477,988,26149,494,977,21761
1184,2014,13,207,435,9004,217,458,11827
1185,2014,15,185,356,7695,182,355,7165
1186,2014,17,221,425,11000,265,580,17195
1187,2014,18,109,233,4786,160,345,8554
1188,2014,19,123,283,5367,138,277,7532
1189,2014,20,130,300,4802,142,345,7257
1190,2014,21,85,195,4548,88,213,7152
1191,2014,22,69,134,2775,83,165,3547
1192,2014,23,27,54,1330,52,116,2536
1193,2014,24,81,194,6091,136,282,8708
1194,2014,25,80,134,3838,94,179,5869
1195,2014,26,171,323,7088,193,401,9092
1196,2014,27,204,413,9680,216,449,16008
1197,2014,28,62,130,2356,66,124,2646
1198,2014,29,213,509,8858,227,536,11000
1199,2014,30,865,1738,37306,966,1811,41125
1200,2014,31,108,250,3903,141,315,6259
1201,2014,32,862,1920,40332,1016,2165,49699
1202,2014,33,25,53,1090,30,55,1330
1203,2014,34,56,109,2531,85,163,6824
1204,2014,35,205,428,9764,277,614,16350
1205,2014,36,209,376,12124,258,485,13259
1206,2014,37,250,535,15249,263,555,14193
1207,2014,38,498,1083,28788,353,698,20727
1208,2014,39,173,399,6012,229,485,12160
1209,2014,40,185,401,6479,164,413,6730
1210,2014,41,2154,4410,89650,2046,4222,87473
1211,2014,42,147,283,5238,182,365,10091
1212,2014,44,12,25,530,25,54,1232
1213,2014,45,118,305,6151,106,242,5432
1214,2014,46,99,191,4300,99,210,5820
1215,2014,47,158,355,8925,170,407,11812
1216,2014,48,1151,2651,60287,1048,2378,60819
1217,2014,49,2320,5367,91760,2150,5249,90517
1218,2014,50,21,48,736,37,69,1877
1219,2014,51,244,535,11132,294,662,20839
1220,2014,53,4258,8276,180417,4170,8452,180997
1221,2014,54,22,51,770,30,58,991
1222,2014,55,169,322,8145,182,368,10313
1223,2014,56,549,1265,25286,554,1228,27853
1224,2014,57,395,859,19250,378,915,21481
1225,2015,1,69,142,2370,49,95,2383
1226,2015,2,247,465,11707,335,647,21140
1227,2015,4,787,1609,41052,801,1604,37278
1228,2015,5,49,101,1888,61,133,5094
1229,2015,6,1839,3381,70180,3253,6743,213209
1230,2015,8,620,1141,29788,631,1207,32062
1231,2015,9,33,66,3347,40,60,2365
1232,2015,10,0,0,0,0,0,0
1233,2015,11,0,0,0,21,33,17226
1234,2015,12,374,704,20431,367,687,15603
1235,2015,13,144,298,5628,148,331,8131
1236,2015,15,172,319,9150,162,311,5773
1237,2015,17,122,225,6591,191,363,10431
1238,2015,18,100,187,3592,97,186,5219
1239,2015,19,94,205,3677,99,178,3683
1240,2015,20,99,194,3562,97,205,5914
1241,2015,21,50,104,1552,60,131,3148
1242,2015,22,53,112,2461,65,125,2854
1243,2015,23,20,46,569,21,28,421
1244,2015,24,63,105,2430,82,165,5351
1245,2015,25,64,99,3084,65,111,3895
1246,2015,26,107,205,5098,132,222,4240
1247,2015,27,123,228,133935,151,279,7230
1248,2015,28,29,58,1192,42,74,1336
1249,2015,29,122,245,6509,157,288,6994
1250,2015,30,573,1069,22921,653,1262,27629
1251,2015,31,79,187,2814,80,170,4164
1252,2015,32,708,1473,35458,808,1659,36404
1253,2015,33,16,22,668,38,58,1762
1254,2015,34,45,88,2577,66,118,4948
1255,2015,35,127,297,6448,186,397,8878
1256,2015,36,146,250,6365,186,316,11323
1257,2015,37,184,329,8259,201,416,8216
1258,2015,38,438,902,25420,290,565,16258
1259,2015,39,126,259,6116,134,235,6752
1260,2015,40,114,229,3998,101,202,3875
1261,2015,41,1475,2895,52784,1472,2894,68881
1262,2015,42,112,206,5587,145,257,7678
1263,2015,44,0,0,0,0,0,0
1264,2015,45,74,133,3380,62,126,3151
1265,2015,46,65,128,3387,84,144,4356
1266,2015,47,115,241,7736,98,234,5830
1267,2015,48,910,1912,70743,835,1777,48443
1268,2015,49,1913,4009,78373,1536,3481,65366
1269,2015,50,16,23,862,25,46,1299
1270,2015,51,195,377,9762,187,345,11096
1271,2015,53,3364,6184,143058,2981,5594,133290
1272,2015,54,17,37,312,34,68,2195
1273,2015,55,98,187,5212,108,181,6312
1274,2015,56,390,858,21110,411,856,21203
1275,2015,57,342,660,15951,436,1026,23593
1276,2016,1,79,185,4293,75,164,3235
1277,2016,2,279,581,16234,466,956,31515
1278,2016,4,1038,2172,52004,1180,2599,62432
1279,2016,5,88,204,3563,81,177,4226
1280,2016,6,2241,4280,103892,5650,12229,445450
1281,2016,8,783,1521,40805,1055,2213,62252
1282,2016,9,41,77,1505,62,114,6890
1283,2016,10,13,23,604,15,33,629
1284,2016,11,20,32,1171,16,19,966
1285,2016,12,466,850,48829,569,1098,40196
1286,2016,13,167,365,9260,235,543,10839
1287,2016,15,138,285,6120,238,468,10616
1288,2016,17,196,382,12309,338,672,24638
1289,2016,18,128,293,6409,180,392,8360
1290,2016,19,122,299,4904,152,326,7104
1291,2016,20,147,355,7410,190,435,7147
1292,2016,21,76,177,1658,112,240,5884
1293,2016,22,68,127,2619,100,194,4801
1294,2016,23,39,84,2718,24,47,1053
1295,2016,24,97,176,5938,114,251,6666
1296,2016,25,73,99,5205,99,172,5811
1297,2016,26,173,339,7037,202,417,12578
1298,2016,27,185,356,9432,250,480,15389
1299,2016,28,46,94,1836,66,139,2604
1300,2016,29,191,387,6693,217,453,11946
1301,2016,30,885,1727,37346,966,1918,46466
1302,2016,31,94,194,4533,153,343,7699
1303,2016,32,738,1507,39499,1144,2487,58692
1304,2016,33,39,59,1453,51,75,2629
1305,2016,34,52,84,2815,91,175,56249
1306,2016,35,177,405,9738,238,581,15741
1307,2016,36,180,319,9422,258,464,26962
1308,2016,37,259,545,12380,331,679,18375
1309,2016,38,292,669,19934,534,1082,32636
1310,2016,39,161,341,7130,232,499,14419
1311,2016,40,152,363,5467,182,420,9071
1312,2016,41,2318,4674,95169,2217,4379,103446
1313,2016,42,165,323,-493,275,555,19641
1314,2016,44,14,29,508,13,21,1140
1315,2016,45,106,264,5058,121,264,6139
1316,2016,46,103,223,5981,136,248,6223
1317,2016,47,172,364,7759,180,371,11353
1318,2016,48,986,2198,48998,1268,2899,72282
1319,2016,49,2418,5670,103375,2350,5592,109054
1320,2016,50,19,41,809,40,62,1558
1321,2016,51,214,459,12598,328,733,28372
1322,2016,53,4518,8485,213541,4546,8925,239811
1323,2016,54,24,54,1336,30,87,1615
1324,2016,55,150,278,7017,182,358,9997
1325,2016,56,450,969,26318,665,1479,34965
1326,2016,57,380,844,19171,377,831,18970
1327,2017,1,110,244,5579,125,314,6481
1328,2017,2,309,663,15067,722,1658,55769
1329,2017,4,1629,3431,90207,1755,4016,94581
1330,2017,5,123,296,5072,148,333,7117
1331,2017,6,2869,5379,132784,9177,20115,704511
1332,2017,8,1019,1979,50622,1814,3887,120132
1333,2017,9,49,96,2318,74,167,6521
1334,2017,10,14,29,533,30,58,1979
1335,2017,11,31,33,1174,33,43,3216
1336,2017,12,718,1502,44483,830,1685,41763
1337,2017,13,275,651,13426,312,721,19330
1338,2017,15,203,432,11275,312,706,19234
1339,2017,17,283,559,15147,494,970,51249
1340,2017,18,170,368,8353,246,523,13015
1341,2017,19,154,341,6206,194,448,13633
1342,2017,20,143,325,5948,252,567,14858
1343,2017,21,136,321,6051,115,250,6157
1344,2017,22,95,195,4500,127,276,7261
1345,2017,23,63,124,2818,47,103,2318
1346,2017,24,132,266,7152,178,399,13385
1347,2017,25,126,221,5657,130,266,8272
1348,2017,26,272,610,12727,322,676,20376
1349,2017,27,276,589,14169,337,666,26352
1350,2017,28,66,161,4229,99,209,4748
1351,2017,29,249,593,12582,361,813,21272
1352,2017,30,1131,2204,53594,1276,2549,59170
1353,2017,31,141,312,5599,216,465,12088
1354,2017,32,1055,2122,43147,1566,3398,94420
1355,2017,33,40,80,1730,75,137,6330
1356,2017,34,96,195,5940,129,250,7042
1357,2017,35,228,491,11706,371,843,24992
1358,2017,36,249,451,10404,377,721,28620
1359,2017,37,348,734,17766,430,998,22606
1360,2017,38,286,657,16256,538,1221,30744
1361,2017,39,264,585,11528,330,662,22124
1362,2017,40,185,397,7603,253,622,14860
1363,2017,41,2798,5518,122017,3391,7013,207486
1364,2017,42,203,424,8840,313,655,9155
1365,2017,44,23,56,1576,17,40,903
1366,2017,45,150,307,6491,179,371,12876
1367,2017,46,142,312,7250,170,380,9279
1368,2017,47,254,628,15932,313,752,23586
1369,2017,48,1306,3020,87685,1659,3927,113603
1370,2017,49,3354,8071,154064,3401,8561,177938
1371,2017,50,38,63,1916,57,90,3340
1372,2017,51,349,738,21135,506,1174,44845
1373,2017,53,5682,10856,263723,6780,13706,420916
1374,2017,54,34,75,2270,63,136,3527
1375,2017,55,207,417,11471,286,534,18248
1376,2017,56,459,1024,21860,912,2050,51707
1377,2017,57,312,708,15264,271,625,12639
1378,2018,1,97,217,4933,110,252,5114
1379,2018,2,273,562,14654,529,1102,36578
1380,2018,4,1482,2896,80119,1318,2730,80275
1381,2018,5,87,196,5199,107,236,6532
1382,2018,6,2344,4394,120069,8092,17310,712306
1383,2018,8,814,1528,41660,1266,2507,83843
1384,2018,9,37,69,2288,61,115,5323
1385,2018,10,17,33,919,21,49,1273
1386,2018,11,17,17,726,34,43,2869
1387,2018,12,609,1229,35832,592,1120,33272
1388,2018,13,205,464,8807,274,592,19269
1389,2018,15,187,380,10121,244,500,14576
1390,2018,17,190,393,8595,320,620,22120
1391,2018,18,139,296,7732,179,385,11337
1392,2018,19,125,272,5789,160,336,7384
1393,2018,20,144,311,7088,205,419,11294
1394,2018,21,91,198,4819,90,194,3145
1395,2018,22,89,180,4110,102,196,5031
1396,2018,23,43,78,1617,30,63,1836
1397,2018,24,101,172,4596,124,261,9741
1398,2018,25,82,157,4403,120,221,23983
1399,2018,26,186,355,7824,232,433,16158
1400,2018,27,194,392,9415,253,447,17860
1401,2018,28,48,101,2396,67,153,3085
1402,2018,29,248,557,10893,246,505,12976
1403,2018,30,849,1669,37664,1049,1978,47041
1404,2018,31,114,230,5767,163,324,10111
1405,2018,32,917,1777,58396,1134,2335,66719
1406,2018,33,31,60,3621,44,80,2503
1407,2018,34,60,116,3380,84,154,7134
1408,2018,35,215,439,11348,267,538,18159
1409,2018,36,202,340,9948,301,525,18289
1410,2018,37,284,586,14606,321,692,17247
1411,2018,38,294,627,14845,270,543,14699
1412,2018,39,224,458,9320,291,591,20585
1413,2018,40,166,367,7563,214,446,11668
1414,2018,41,2218,4313,85571,2722,5432,157342
1415,2018,42,159,312,11236,231,437,13348
1416,2018,44,11,33,744,19,38,825
1417,2018,45,192,417,10959,127,272,8180
1418,2018,46,102,211,5724,126,276,6962
1419,2018,47,230,482,10858,220,478,18051
1420,2018,48,1169,2485,67822,1280,2870,90961
1421,2018,49,2697,5821,122290,2849,6737,146337
1422,2018,50,28,49,943,30,48,1250
1423,2018,51,293,583,17932,357,778,32336
1424,2018,53,4614,8399,220000,5575,10977,372334
1425,2018,54,32,80,1196,37,81,1778
1426,2018,55,156,312,7414,204,388,12218
1427,2018,56,418,862,21483,574,1228,31383
1428,2018,57,232,454,11243,296,641,15210
1429,2019,1,96,172,4048,91,188,5537
1430,2019,2,278,535,19005,475,986,35676
1431,2019,4,1457,2819,98873,1429,2894,88665
1432,2019,5,110,240,5873,98,209,4939
1433,2019,6,2349,4217,150717,8767,18159,885187
1434,2019,8,728,1286,35162,1298,2548,97567
1435,2019,9,37,58,2050,76,150,8681
1436,2019,10,24,39,1251,18,44,1635
1437,2019,11,24,34,1594,27,38,7839
1438,2019,12,593,1203,39380,639,1254,39061
1439,2019,13,218,440,11073,197,480,16716
1440,2019,15,178,345,8338,234,497,15902
1441,2019,17,213,378,13714,338,599,57655
1442,2019,18,135,298,6079,199,370,14526
1443,2019,19,108,233,4591,155,318,9853
1444,2019,20,156,303,7289,168,394,11965
1445,2019,21,99,201,5237,93,190,5738
1446,2019,22,73,148,3909,119,232,8966
1447,2019,23,45,82,3384,48,95,3821
1448,2019,24,112,201,5960,138,242,11417
1449,2019,25,83,134,6325,121,207,10243
1450,2019,26,196,415,9421,240,459,16335
1451,2019,27,179,349,9393,253,479,17027
1452,2019,28,61,139,3100,63,134,6043
1453,2019,29,256,552,13433,250,539,16580
1454,2019,30,877,1622,44030,969,1781,46243
1455,2019,31,103,215,5112,143,283,8435
1456,2019,32,888,1737,74617,1208,2429,82382
1457,2019,33,52,100,3725,55,96,3858
1458,2019,34,70,111,2667,122,223,12329
1459,2019,35,225,428,16353,249,519,18143
1460,2019,36,210,331,11732,318,584,22169
1461,2019,37,269,579,12788,348,738,19051
1462,2019,38,254,514,14586,240,480,13477
1463,2019,39,230,525,12677,241,426,15431
1464,2019,40,163,366,6267,189,432,13368
1465,2019,41,2209,4141,102112,2652,5005,149284
1466,2019,42,186,361,12271,228,433,18005
1467,2019,44,16,38,1423,20,41,1014
1468,2019,45,168,339,9413,128,283,8545
1469,2019,46,92,196,5787,155,332,9705
1470,2019,47,212,445,14307,202,419,11362
1471,2019,48,1169,2511,71371,1172,2498,86938
1472,2019,49,2693,5568,125835,2641,6016,141324
1473,2019,50,20,43,1377,45,69,2899
1474,2019,51,280,598,15301,351,782,27327
1475,2019,53,4528,8004,237989,5465,10578,373790
1476,2019,54,30,57,1555,39,71,2133
1477,2019,55,149,289,7304,193,363,12863
1478,2019,56,417,855,22953,599,1210,35084
1479,2019,57,206,456,9444,246,557,11708
1480,2020,1,118,242,6724,100,190,6976
1481,2020,2,278,574,13517,512,1101,46127
1482,2020,4,1565,3155,98735,1542,3270,98484
1483,2020,5,135,350,6434,131,257,6845
1484,2020,6,2464,4490,143972,11528,25957,1271483
1485,2020,8,874,1580,50261,1415,3027,114317
1486,2020,9,52,102,2449,60,109,13450
1487,2020,10,22,41,896,43,66,2295
1488,2020,11,20,24,1399,54,77,18891
1489,2020,12,701,1469,48332,665,1236,31396
1490,2020,13,230,548,10547,275,573,21759
1491,2020,15,176,345,9017,264,562,16006
1492,2020,17,205,435,10299,400,862,41166
1493,2020,18,154,327,7608,184,407,15321
1494,2020,19,117,241,5719,166,407,11514
1495,2020,20,159,359,8114,187,486,12057
1496,2020,21,101,223,4199,97,205,5857
1497,2020,22,88,149,4099,109,252,9722
1498,2020,23,52,88,2964,57,108,7980
1499,2020,24,116,232,6152,152,335,16353
1500,2020,25,92,155,6579,113,186,9720
1501,2020,26,247,456,11571,248,528,16491
1502,2020,27,209,417,11441,302,562,21714
1503,2020,28,70,130,3403,64,118,3686
1504,2020,29,293,735,13110,271,628,17961
1505,2020,30,978,1894,52208,1021,1928,48798
1506,2020,31,134,296,7080,132,270,8330
1507,2020,32,934,1815,52216,1492,3188,99324
1508,2020,33,40,68,2670,40,91,2788
1509,2020,34,67,128,4127,118,200,10196
1510,2020,35,232,528,15519,262,586,22850
1511,2020,36,200,356,10183,378,725,47212
1512,2020,37,346,750,21844,378,816,28342
1513,2020,38,209,438,11270,294,593,19609
1514,2020,39,237,508,12749,221,465,15829
1515,2020,40,219,521,9462,195,431,11212
1516,2020,41,2230,4093,100732,3287,6694,227785
1517,2020,42,202,389,9986,268,552,20384
1518,2020,44,12,15,380,20,42,2332
1519,2020,45,154,325,9260,159,357,18151
1520,2020,46,123,212,7533,132,263,7843
1521,2020,47,265,596,17669,239,501,20233
1522,2020,48,1318,3019,73629,1392,3112,136884
1523,2020,49,2880,6807,135129,3159,7430,175919
1524,2020,50,33,64,1629,35,62,1923
1525,2020,51,337,774,19688,380,907,36477
1526,2020,53,4643,8522,237233,6799,14320,550534
1527,2020,54,39,104,2150,44,89,2529
1528,2020,55,195,377,10382,229,443,14442
1529,2020,56,408,911,43685,660,1458,42469
1530,2020,57,259,644,12108,256,647,13537
1531,2021,1,166,358,11107,123,256,6650
1532,2021,2,311,628,16238,483,950,36859
1533,2021,4,1710,3255,100959,1655,3306,122920
1534,2021,5,224,511,12341,138,263,7457
1535,2021,6,2673,4675,187478,12341,26233,1611026
1536,2021,8,906,1546,51458,1413,2702,101778
1537,2021,9,63,113,5377,79,156,9625
1538,2021,10,23,39,1382,25,44,1640
1539,2021,11,24,32,1461,37,54,4369
1540,2021,12,903,1811,57876,669,1245,50000
1541,2021,13,290,592,17463,271,517,26788
1542,2021,15,189,388,11601,267,580,21714
1543,2021,17,270,496,17095,339,682,30028
1544,2021,18,204,462,12812,174,349,14511
1545,2021,19,198,401,8545,163,289,9041
1546,2021,20,185,391,13890,186,400,19090
1547,2021,21,181,395,9600,101,219,6268
1548,2021,22,81,169,5634,128,261,7480
1549,2021,23,80,144,4128,61,119,3729
1550,2021,24,113,219,6738,149,306,12381
1551,2021,25,112,175,7053,134,228,14510
1552,2021,26,278,557,14863,253,486,18199
1553,2021,27,222,417,11364,297,552,21030
1554,2021,28,80,189,4718,69,148,3264
1555,2021,29,342,794,16368,251,451,12620
1556,2021,30,1161,2171,58458,1007,1707,54884
1557,2021,31,163,319,7548,174,330,10841
1558,2021,32,953,1758,64272,1430,2749,109034
1559,2021,33,56,99,3515,62,107,7583
1560,2021,34,70,134,4933,106,177,8687
1561,2021,35,249,460,15274,301,716,21103
1562,2021,36,272,496,30105,368,657,45365
1563,2021,37,418,842,25185,387,797,24547
1564,2021,38,222,449,12163,298,630,17909
1565,2021,39,300,640,17199,268,481,18678
1566,2021,40,263,581,12645,219,415,10391
1567,2021,41,2437,4354,125439,3634,7309,277979
1568,2021,42,246,495,16274,251,452,24375
1569,2021,44,22,36,1351,17,23,963
1570,2021,45,256,570,18702,183,334,11405
1571,2021,46,163,332,8501,118,197,7196
1572,2021,47,388,919,25876,219,460,14808
1573,2021,48,1552,3337,97634,1441,3060,106619
1574,2021,49,2939,6033,159430,3117,6851,177109
1575,2021,50,40,69,3235,37,63,2808
1576,2021,51,338,709,21322,371,799,34363
1577,2021,53,4891,8668,267339,7325,14726,579474
1578,2021,54,43,81,1615,37,80,2398
1579,2021,55,240,495,13351,214,395,12955
1580,2021,56,456,895,26993,657,1209,44670
1581,2021,57,183,381,8996,244,559,13226
