county,cfips,year,popestimate,npopchg,births,deaths,naturalchg,internationalmig,domesticmig,netmig,residual,vintage,base,components_unknown
Ada County,1,2010,393354,982,0,0,0,60,137,0,0,2019,,0
Ada County,1,2011,401262,7908,5150,2506,2644,822,4420,5242,22,2019,393354,0
Ada County,1,2012,408862,7600,5032,2553,2479,514,4526,5040,81,2019,401262,0
Ada County,1,2013,415951,7089,5043,2575,2468,651,3943,4594,27,2019,408862,0
Ada County,1,2014,425471,9520,4986,2659,2327,755,6311,7066,127,2019,415951,0
Ada County,1,2015,432862,7391,5186,2855,2331,1227,3825,5052,8,2019,425471,0
Ada County,1,2016,444486,11624,5074,2978,2096,1178,8307,9485,43,2019,432862,0
Ada County,1,2017,456548,12062,4937,3053,1884,624,9512,10136,42,2019,444486,0
Ada County,1,2018,468764,12216,4946,3129,1817,26,10332,10358,41,2019,456548,0
Ada County,1,2019,481587,12823,4980,3055,1925,26,10815,10841,57,2019,468764,0
Ada County,1,2020,498278,3317,0,0,0,16,3144,0,0,2023,481587,16691
Ada County,1,2021,513025,14747,4983,3962,1021,176,14005,14181,-455,2023,498278,0
Ada County,1,2022,519004,5979,5039,4331,708,391,4890,5281,-10,2023,513025,0
Ada County,1,2023,524673,5669,5080,3781,1299,1435,2916,4351,19,2023,519004,0
Adams County,3,2010,3962,-16,0,0,0,0,-22,0,0,2019,,0
Adams County,3,2011,3981,19,18,38,-20,0,40,40,-1,2019,3962,0
Adams County,3,2012,3908,-73,33,28,5,0,-80,-80,2,2019,3981,0
Adams County,3,2013,3863,-45,32,36,-4,0,-41,-41,0,2019,3908,0
Adams County,3,2014,3883,20,25,34,-9,1,27,28,1,2019,3863,0
Adams County,3,2015,3891,8,28,38,-10,1,17,18,0,2019,3883,0
Adams County,3,2016,3941,50,31,39,-8,1,57,58,0,2019,3891,0
Adams County,3,2017,4127,186,39,46,-7,1,192,193,0,2019,3941,0
Adams County,3,2018,4234,107,29,36,-7,1,112,113,1,2019,4127,0
Adams County,3,2019,4294,60,31,27,4,1,56,57,-1,2019,4234,0
Adams County,3,2020,4428,46,0,0,0,0,53,0,0,2023,4294,134
Adams County,3,2021,4623,195,31,48,-17,2,224,226,-14,2023,4428,0
Adams County,3,2022,4791,168,30,58,-28,3,183,186,10,2023,4623,0
Adams County,3,2023,4903,112,28,53,-25,1,136,137,0,2023,4791,0
Bannock County,5,2010,83020,178,0,0,0,6,-58,0,0,2019,,0
Bannock County,5,2011,83641,621,1424,655,769,88,-233,-145,-3,2019,83020,0
Bannock County,5,2012,83755,114,1286,656,630,97,-610,-513,-3,2019,83641,0
Bannock County,5,2013,83455,-300,1329,669,660,164,-1141,-977,17,2019,83755,0
Bannock County,5,2014,83536,81,1268,719,549,196,-668,-472,4,2019,83455,0
Bannock County,5,2015,84184,648,1297,691,606,393,-345,48,-6,2019,83536,0
Bannock County,5,2016,84676,492,1229,703,526,367,-398,-31,-3,2019,84184,0
Bannock County,5,2017,85482,806,1220,720,500,231,80,311,-5,2019,84676,0
Bannock County,5,2018,86674,1192,1140,750,390,62,740,802,0,2019,85482,0
Bannock County,5,2019,87808,1134,1170,709,461,66,606,672,1,2019,86674,0
Bannock County,5,2020,87276,257,0,0,0,1,148,0,0,2023,87808,-532
Bannock County,5,2021,88515,1239,1077,888,189,31,1008,1039,11,2023,87276,0
Bannock County,5,2022,89625,1110,1065,975,90,72,952,1024,-4,2023,88515,0
Bannock County,5,2023,90400,775,1059,871,188,223,361,584,3,2023,89625,0
Bear Lake County,7,2010,5969,-17,0,0,0,0,-23,0,0,2019,,0
Bear Lake County,7,2011,5956,-13,65,62,3,0,-16,-16,0,2019,5969,0
Bear Lake County,7,2012,5892,-64,75,66,9,1,-77,-76,3,2019,5956,0
Bear Lake County,7,2013,5948,56,100,76,24,3,30,33,-1,2019,5892,0
Bear Lake County,7,2014,5926,-22,70,55,15,0,-38,-38,1,2019,5948,0
Bear Lake County,7,2015,5879,-47,83,66,17,1,-65,-64,0,2019,5926,0
Bear Lake County,7,2016,5927,48,79,54,25,4,19,23,0,2019,5879,0
Bear Lake County,7,2017,6023,96,89,57,32,1,63,64,0,2019,5927,0
Bear Lake County,7,2018,6044,21,81,60,21,2,-1,1,-1,2019,6023,0
Bear Lake County,7,2019,6125,81,77,63,14,2,65,67,0,2019,6044,0
Bear Lake County,7,2020,6367,-3,0,0,0,0,0,0,0,2023,6125,242
Bear Lake County,7,2021,6567,200,85,70,15,2,191,193,-8,2023,6367,0
Bear Lake County,7,2022,6730,163,79,77,2,7,148,155,6,2023,6567,0
Bear Lake County,7,2023,6766,36,77,68,9,17,10,27,0,2023,6730,0
Benewah County,9,2010,9290,7,0,0,0,0,-12,0,0,2019,,0
Benewah County,9,2011,9173,-117,103,118,-15,2,-104,-102,0,2019,9290,0
Benewah County,9,2012,9126,-47,107,107,0,1,-47,-46,-1,2019,9173,0
Benewah County,9,2013,9030,-96,122,109,13,2,-112,-110,1,2019,9126,0
Benewah County,9,2014,9032,2,106,131,-25,1,27,28,-1,2019,9030,0
Benewah County,9,2015,8996,-36,111,139,-28,7,-14,-7,-1,2019,9032,0
Benewah County,9,2016,9021,25,107,135,-28,2,52,54,-1,2019,8996,0
Benewah County,9,2017,9157,136,101,134,-33,1,168,169,0,2019,9021,0
Benewah County,9,2018,9218,61,94,104,-10,1,69,70,1,2019,9157,0
Benewah County,9,2019,9298,80,96,99,-3,1,81,82,1,2019,9218,0
Benewah County,9,2020,9576,45,0,0,0,0,47,0,0,2023,9298,278
Benewah County,9,2021,9895,319,86,151,-65,0,400,400,-16,2023,9576,0
Benewah County,9,2022,10291,396,95,159,-64,0,442,442,18,2023,9895,0
Benewah County,9,2023,10369,78,104,150,-46,1,124,125,-1,2023,10291,0
Bingham County,11,2010,45765,160,0,0,0,-3,1,0,0,2019,,0
Bingham County,11,2011,45893,128,742,323,419,-39,-250,-289,-2,2019,45765,0
Bingham County,11,2012,45510,-383,745,337,408,-24,-787,-811,20,2019,45893,0
Bingham County,11,2013,45423,-87,771,307,464,9,-568,-559,8,2019,45510,0
Bingham County,11,2014,45214,-209,700,352,348,23,-594,-571,14,2019,45423,0
Bingham County,11,2015,45057,-157,723,374,349,55,-564,-509,3,2019,45214,0
Bingham County,11,2016,45315,258,696,361,335,65,-141,-76,-1,2019,45057,0
Bingham County,11,2017,45884,569,643,415,228,30,314,344,-3,2019,45315,0
Bingham County,11,2018,46129,245,593,375,218,7,22,29,-2,2019,45884,0
Bingham County,11,2019,46811,682,593,377,216,8,461,469,-3,2019,46129,0
Bingham County,11,2020,48097,114,0,0,0,1,55,0,0,2023,46811,1286
Bingham County,11,2021,48929,832,669,482,187,9,632,641,4,2023,48097,0
Bingham County,11,2022,49973,1044,664,519,145,8,870,878,21,2023,48929,0
Bingham County,11,2023,50395,422,667,471,196,7,219,226,0,2023,49973,0
Blaine County,13,2010,21295,-82,0,0,0,5,-114,0,0,2019,,0
Blaine County,13,2011,21083,-212,243,108,135,47,-397,-350,3,2019,21295,0
Blaine County,13,2012,21127,44,226,84,142,41,-142,-101,3,2019,21083,0
Blaine County,13,2013,21325,198,222,86,136,59,6,65,-3,2019,21127,0
Blaine County,13,2014,21455,130,218,106,112,33,-10,23,-5,2019,21325,0
Blaine County,13,2015,21636,181,231,111,120,97,-34,63,-2,2019,21455,0
Blaine County,13,2016,22062,426,217,113,104,233,89,322,0,2019,21636,0
Blaine County,13,2017,22373,311,178,115,63,121,128,249,-1,2019,22062,0
Blaine County,13,2018,22771,398,205,94,111,117,173,290,-3,2019,22373,0
Blaine County,13,2019,23021,250,192,106,86,119,45,164,0,2019,22771,0
Blaine County,13,2020,24348,70,0,0,0,6,72,0,0,2023,23021,1327
Blaine County,13,2021,24782,434,182,147,35,46,357,403,-4,2023,24348,0
Blaine County,13,2022,24901,119,198,155,43,114,-24,90,-14,2023,24782,0
Blaine County,13,2023,25041,140,199,153,46,269,-174,95,-1,2023,24901,0
Boise County,15,2010,7005,-22,0,0,0,0,-10,0,0,2019,,0
Boise County,15,2011,6986,-19,38,59,-21,9,-8,1,1,2019,7005,0
Boise County,15,2012,6790,-196,32,44,-12,1,-190,-189,5,2019,6986,0
Boise County,15,2013,6720,-70,40,48,-8,3,-66,-63,1,2019,6790,0
Boise County,15,2014,6779,59,42,57,-15,0,72,72,2,2019,6720,0
Boise County,15,2015,6963,184,44,48,-4,2,183,185,3,2019,6779,0
Boise County,15,2016,7095,132,47,56,-9,8,133,141,0,2019,6963,0
Boise County,15,2017,7347,252,50,62,-12,4,259,263,1,2019,7095,0
Boise County,15,2018,7655,308,57,31,26,1,277,278,4,2019,7347,0
Boise County,15,2019,7831,176,59,58,1,1,174,175,0,2019,7655,0
Boise County,15,2020,7664,50,0,0,0,1,50,0,0,2023,7831,-167
Boise County,15,2021,8133,469,58,88,-30,11,514,525,-26,2023,7664,0
Boise County,15,2022,8360,227,67,91,-24,26,212,238,13,2023,8133,0
Boise County,15,2023,8517,157,68,84,-16,66,106,172,1,2023,8360,0
Bonner County,17,2010,40902,25,0,0,0,0,33,0,0,2019,,0
Bonner County,17,2011,40782,-120,393,378,15,9,-144,-135,0,2019,40902,0
Bonner County,17,2012,40347,-435,379,423,-44,-2,-396,-398,7,2019,40782,0
Bonner County,17,2013,40525,178,400,387,13,-10,176,166,-1,2019,40347,0
Bonner County,17,2014,41289,764,409,418,-9,-7,765,758,15,2019,40525,0
Bonner County,17,2015,41600,311,392,419,-27,25,313,338,0,2019,41289,0
Bonner County,17,2016,42357,757,407,458,-51,26,780,806,2,2019,41600,0
Bonner County,17,2017,43654,1297,460,434,26,6,1261,1267,4,2019,42357,0
Bonner County,17,2018,44705,1051,408,450,-42,-13,1103,1090,3,2019,43654,0
Bonner County,17,2019,45739,1034,426,438,-12,-13,1057,1044,2,2019,44705,0
Bonner County,17,2020,47403,300,0,0,0,0,331,0,0,2023,45739,1664
Bonner County,17,2021,49633,2230,435,505,-70,11,2407,2418,-118,2023,47403,0
Bonner County,17,2022,51407,1774,455,631,-176,38,1819,1857,93,2023,49633,0
Bonner County,17,2023,52547,1140,448,549,-101,107,1139,1246,-5,2023,51407,0
Bonneville County,19,2010,104675,381,0,0,0,-1,16,0,0,2019,,0
Bonneville County,19,2011,105813,1138,2012,701,1311,30,-199,-169,-4,2019,104675,0
Bonneville County,19,2012,106764,951,1890,793,1097,-26,-103,-129,-17,2019,105813,0
Bonneville County,19,2013,107369,605,1942,803,1139,18,-556,-538,4,2019,106764,0
Bonneville County,19,2014,108236,867,1808,815,993,20,-131,-111,-15,2019,107369,0
Bonneville County,19,2015,109849,1613,2011,829,1182,89,352,441,-10,2019,108236,0
Bonneville County,19,2016,112118,2269,1941,834,1107,91,1072,1163,-1,2019,109849,0
Bonneville County,19,2017,114488,2370,1875,900,975,12,1382,1394,1,2019,112118,0
Bonneville County,19,2018,116444,1956,1865,906,959,-35,1031,996,1,2019,114488,0
Bonneville County,19,2019,119062,2618,1876,863,1013,-33,1633,1600,5,2019,116444,0
Bonneville County,19,2020,124737,773,0,0,0,2,554,0,0,2023,119062,5675
Bonneville County,19,2021,128064,3327,1805,1142,663,14,2707,2721,-57,2023,124737,0
Bonneville County,19,2022,129543,1479,1799,1122,677,1,813,814,-12,2023,128064,0
Bonneville County,19,2023,131366,1823,1803,994,809,69,935,1004,10,2023,129543,0
Boundary County,21,2010,10999,27,0,0,0,1,40,0,0,2019,,0
Boundary County,21,2011,10823,-176,117,96,21,5,-204,-199,2,2019,10999,0
Boundary County,21,2012,10817,-6,127,97,30,10,-44,-34,-2,2019,10823,0
Boundary County,21,2013,10853,36,128,104,24,10,3,13,-1,2019,10817,0
Boundary County,21,2014,10956,103,120,114,6,3,94,97,0,2019,10853,0
Boundary County,21,2015,11299,343,139,114,25,22,292,314,4,2019,10956,0
Boundary County,21,2016,11701,402,149,104,45,27,331,358,-1,2019,11299,0
Boundary County,21,2017,11965,264,135,120,15,15,234,249,0,2019,11701,0
Boundary County,21,2018,12016,51,149,111,38,1,13,14,-1,2019,11965,0
Boundary County,21,2019,12245,229,134,132,2,2,225,227,0,2019,12016,0
Boundary County,21,2020,12139,82,0,0,0,0,82,0,0,2023,12245,-106
Boundary County,21,2021,12620,481,137,140,-3,19,488,507,-23,2023,12139,0
Boundary County,21,2022,13272,652,149,177,-28,25,630,655,25,2023,12620,0
Boundary County,21,2023,13557,285,151,153,-2,73,215,288,-1,2023,13272,0
Butte County,23,2010,2915,22,0,0,0,0,7,0,0,2019,,0
Butte County,23,2011,2833,-82,27,27,0,-1,-82,-83,1,2019,2915,0
Butte County,23,2012,2760,-73,32,25,7,-3,-78,-81,1,2019,2833,0
Butte County,23,2013,2667,-93,25,30,-5,-2,-90,-92,4,2019,2760,0
Butte County,23,2014,2658,-9,24,33,-9,1,0,1,-1,2019,2667,0
Butte County,23,2015,2566,-92,33,24,9,2,-105,-103,2,2019,2658,0
Butte County,23,2016,2572,6,28,23,5,2,1,3,-2,2019,2566,0
Butte County,23,2017,2585,13,27,29,-2,1,14,15,0,2019,2572,0
Butte County,23,2018,2587,2,33,29,4,0,-3,-3,1,2019,2585,0
Butte County,23,2019,2597,10,30,26,4,0,7,7,-1,2019,2587,0
Butte County,23,2020,2584,8,0,0,0,0,9,0,0,2023,2597,-13
Butte County,23,2021,2666,82,39,32,7,0,79,79,-4,2023,2584,0
Butte County,23,2022,2698,32,32,45,-13,-1,44,43,2,2023,2666,0
Butte County,23,2023,2758,60,33,37,-4,0,65,65,-1,2023,2698,0
Camas County,25,2010,1116,-1,0,0,0,0,-9,0,0,2019,,0
Camas County,25,2011,1115,-1,13,6,7,-1,-7,-8,0,2019,1116,0
Camas County,25,2012,1085,-30,9,3,6,-2,-36,-38,2,2019,1115,0
Camas County,25,2013,1043,-42,13,11,2,-1,-45,-46,2,2019,1085,0
Camas County,25,2014,1054,11,6,1,5,0,7,7,-1,2019,1043,0
Camas County,25,2015,1070,16,9,5,4,0,11,11,1,2019,1054,0
Camas County,25,2016,1082,12,10,7,3,0,9,9,0,2019,1070,0
Camas County,25,2017,1096,14,11,10,1,0,13,13,0,2019,1082,0
Camas County,25,2018,1121,25,7,10,-3,0,29,29,-1,2019,1096,0
Camas County,25,2019,1106,-15,10,6,4,0,-18,-18,-1,2019,1121,0
Camas County,25,2020,1084,10,0,0,0,0,14,0,0,2023,1106,-22
Camas County,25,2021,1137,53,9,6,3,1,53,54,-4,2023,1084,0
Camas County,25,2022,1169,32,11,6,5,1,25,26,1,2023,1137,0
Camas County,25,2023,1232,63,11,6,5,0,58,58,0,2023,1169,0
Canyon County,27,2010,189347,425,0,0,0,-17,-119,0,0,2019,,0
Canyon County,27,2011,191354,2007,3151,1252,1899,14,101,115,-7,2019,189347,0
Canyon County,27,2012,193734,2380,2989,1256,1733,40,630,670,-23,2019,191354,0
Canyon County,27,2013,198590,4856,3093,1436,1657,22,3124,3146,53,2019,193734,0
Canyon County,27,2014,202440,3850,3129,1336,1793,-64,2092,2028,29,2019,198590,0
Canyon County,27,2015,206842,4402,3187,1418,1769,71,2549,2620,13,2019,202440,0
Canyon County,27,2016,211381,4539,3156,1501,1655,165,2714,2879,5,2019,206842,0
Canyon County,27,2017,216858,5477,3131,1532,1599,-3,3862,3859,19,2019,211381,0
Canyon County,27,2018,223236,6378,3042,1560,1482,-90,4966,4876,20,2019,216858,0
Canyon County,27,2019,229849,6613,3099,1547,1552,-96,5132,5036,25,2019,223236,0
Canyon County,27,2020,233013,1911,0,0,0,10,1572,0,0,2023,229849,3164
Canyon County,27,2021,243710,10697,3185,1989,1196,55,9885,9940,-439,2023,233013,0
Canyon County,27,2022,250892,7182,3326,2270,1056,209,5653,5862,264,2023,243710,0
Canyon County,27,2023,257674,6782,3341,1970,1371,584,4816,5400,11,2023,250892,0
Caribou County,29,2010,6974,11,0,0,0,0,-3,0,0,2019,,0
Caribou County,29,2011,6844,-130,102,61,41,6,-179,-173,2,2019,6974,0
Caribou County,29,2012,6771,-73,84,76,8,13,-95,-82,1,2019,6844,0
Caribou County,29,2013,6787,16,98,78,20,14,-19,-5,1,2019,6771,0
Caribou County,29,2014,6794,7,90,49,41,4,-40,-36,2,2019,6787,0
Caribou County,29,2015,6733,-61,81,67,14,5,-79,-74,-1,2019,6794,0
Caribou County,29,2016,6867,134,86,57,29,10,96,106,-1,2019,6733,0
Caribou County,29,2017,6973,106,89,84,5,6,96,102,-1,2019,6867,0
Caribou County,29,2018,7037,64,101,47,54,7,2,9,1,2019,6973,0
Caribou County,29,2019,7155,118,98,60,38,7,73,80,0,2019,7037,0
Caribou County,29,2020,7013,-14,0,0,0,0,-13,0,0,2023,7155,-142
Caribou County,29,2021,7109,96,92,88,4,6,85,91,1,2023,7013,0
Caribou County,29,2022,7200,91,89,79,10,10,69,79,2,2023,7109,0
Caribou County,29,2023,7219,19,85,76,9,4,8,12,-2,2023,7200,0
Cassia County,31,2010,23080,116,0,0,0,1,77,0,0,2019,,0
Cassia County,31,2011,23106,26,388,201,187,-1,-158,-159,-2,2019,23080,0
Cassia County,31,2012,23263,157,417,176,241,46,-130,-84,0,2019,23106,0
Cassia County,31,2013,23344,81,378,204,174,30,-126,-96,3,2019,23263,0
Cassia County,31,2014,23503,159,373,173,200,-1,-38,-39,-2,2019,23344,0
Cassia County,31,2015,23499,-4,367,206,161,37,-204,-167,2,2019,23503,0
Cassia County,31,2016,23479,-20,365,204,161,27,-208,-181,0,2019,23499,0
Cassia County,31,2017,23650,171,379,191,188,3,-19,-16,-1,2019,23479,0
Cassia County,31,2018,23791,141,393,199,194,3,-55,-52,-1,2019,23650,0
Cassia County,31,2019,24030,239,391,185,206,3,31,34,-1,2019,23791,0
Cassia County,31,2020,24760,68,0,0,0,1,6,0,0,2023,24030,730
Cassia County,31,2021,25244,484,385,242,143,41,294,335,6,2023,24760,0
Cassia County,31,2022,25644,400,365,243,122,118,178,296,-18,2023,25244,0
Cassia County,31,2023,25696,52,366,228,138,60,-148,-88,2,2023,25644,0
Clark County,33,2010,980,-2,0,0,0,1,-2,0,0,2019,,0
Clark County,33,2011,954,-26,8,4,4,6,-36,-30,0,2019,980,0
Clark County,33,2012,884,-70,13,12,1,17,-91,-74,3,2019,954,0
Clark County,33,2013,879,-5,7,7,0,6,-11,-5,0,2019,884,0
Clark County,33,2014,889,10,13,8,5,2,4,6,-1,2019,879,0
Clark County,33,2015,886,-3,7,7,0,2,-5,-3,0,2019,889,0
Clark County,33,2016,870,-16,9,5,4,2,-24,-22,2,2019,886,0
Clark County,33,2017,879,9,9,12,-3,1,11,12,0,2019,870,0
Clark County,33,2018,851,-28,9,2,7,2,-38,-36,1,2019,879,0
Clark County,33,2019,845,-6,8,2,6,2,-14,-12,0,2019,851,0
Clark County,33,2020,792,3,0,0,0,0,0,0,0,2023,845,-53
Clark County,33,2021,793,1,10,7,3,2,-5,-3,1,2023,792,0
Clark County,33,2022,810,17,19,9,10,-1,7,6,1,2023,793,0
Clark County,33,2023,801,-9,19,5,14,-1,-20,-21,-2,2023,810,0
Clearwater County,35,2010,8727,-34,0,0,0,0,-11,0,0,2019,,0
Clearwater County,35,2011,8609,-118,52,122,-70,3,-49,-46,-2,2019,8727,0
Clearwater County,35,2012,8579,-30,72,94,-22,2,-9,-7,-1,2019,8609,0
Clearwater County,35,2013,8568,-11,59,107,-48,1,35,36,1,2019,8579,0
Clearwater County,35,2014,8561,-7,73,98,-25,2,16,18,0,2019,8568,0
Clearwater County,35,2015,8554,-7,55,108,-53,6,41,47,-1,2019,8561,0
Clearwater County,35,2016,8651,97,63,111,-48,4,141,145,0,2019,8554,0
Clearwater County,35,2017,8646,-5,71,127,-56,3,48,51,0,2019,8651,0
Clearwater County,35,2018,8758,112,71,103,-32,0,144,144,0,2019,8646,0
Clearwater County,35,2019,8756,-2,72,96,-24,0,22,22,0,2019,8758,0
Clearwater County,35,2020,8750,22,0,0,0,0,36,0,0,2023,8756,-6
Clearwater County,35,2021,8925,175,64,118,-54,2,236,238,-9,2023,8750,0
Clearwater County,35,2022,9035,110,69,139,-70,5,175,180,0,2023,8925,0
Clearwater County,35,2023,9214,179,67,136,-69,7,240,247,1,2023,9035,0
Custer County,37,2010,4357,-9,0,0,0,0,0,0,0,2019,,0
Custer County,37,2011,4325,-32,46,44,2,2,-35,-33,-1,2019,4357,0
Custer County,37,2012,4327,2,35,40,-5,2,5,7,0,2019,4325,0
Custer County,37,2013,4225,-102,38,37,1,1,-107,-106,3,2019,4327,0
Custer County,37,2014,4132,-93,36,38,-2,0,-93,-93,2,2019,4225,0
Custer County,37,2015,4059,-73,36,41,-5,1,-69,-68,0,2019,4132,0
Custer County,37,2016,4084,25,39,54,-15,1,39,40,0,2019,4059,0
Custer County,37,2017,4135,51,43,43,0,1,51,52,-1,2019,4084,0
Custer County,37,2018,4250,115,37,39,-2,0,117,117,0,2019,4135,0
Custer County,37,2019,4315,65,33,38,-5,0,69,69,1,2019,4250,0
Custer County,37,2020,4271,-8,0,0,0,0,-1,0,0,2023,4315,-44
Custer County,37,2021,4446,175,36,50,-14,3,197,200,-11,2023,4271,0
Custer County,37,2022,4518,72,36,68,-32,0,97,97,7,2023,4446,0
Custer County,37,2023,4523,5,33,66,-33,0,38,38,0,2023,4518,0
Elmore County,39,2010,27121,81,0,0,0,47,-78,0,0,2019,,0
Elmore County,39,2011,26221,-900,468,171,297,55,-1259,-1204,7,2019,27121,0
Elmore County,39,2012,26287,66,475,176,299,252,-496,-244,11,2019,26221,0
Elmore County,39,2013,26267,-20,445,174,271,153,-451,-298,7,2019,26287,0
Elmore County,39,2014,26226,-41,499,185,314,133,-500,-367,12,2019,26267,0
Elmore County,39,2015,25826,-400,463,179,284,218,-914,-696,12,2019,26226,0
Elmore County,39,2016,26137,311,446,199,247,157,-93,64,0,2019,25826,0
Elmore County,39,2017,26881,744,469,196,273,70,400,470,1,2019,26137,0
Elmore County,39,2018,27362,481,450,188,262,6,212,218,1,2019,26881,0
Elmore County,39,2019,27511,149,456,195,261,40,-153,-113,1,2019,27362,0
Elmore County,39,2020,28669,4,0,0,0,6,-40,0,0,2023,27511,1158
Elmore County,39,2021,28978,309,460,229,231,39,31,70,8,2023,28669,0
Elmore County,39,2022,29391,413,456,254,202,87,129,216,-5,2023,28978,0
Elmore County,39,2023,29724,333,459,245,214,171,-53,118,1,2023,29391,0
Franklin County,41,2010,12781,-5,0,0,0,0,-31,0,0,2019,,0
Franklin County,41,2011,12810,29,222,87,135,-5,-101,-106,0,2019,12781,0
Franklin County,41,2012,12798,-12,199,93,106,-2,-119,-121,3,2019,12810,0
Franklin County,41,2013,12802,4,186,101,85,-5,-77,-82,1,2019,12798,0
Franklin County,41,2014,12910,108,179,112,67,-16,60,44,-3,2019,12802,0
Franklin County,41,2015,12955,45,206,96,110,-14,-52,-66,1,2019,12910,0
Franklin County,41,2016,13320,365,199,82,117,-13,262,249,-1,2019,12955,0
Franklin County,41,2017,13467,147,186,120,66,-14,95,81,0,2019,13320,0
Franklin County,41,2018,13704,237,201,104,97,-15,154,139,1,2019,13467,0
Franklin County,41,2019,13876,172,202,105,97,-14,90,76,-1,2019,13704,0
Franklin County,41,2020,14282,88,0,0,0,0,62,0,0,2023,13876,406
Franklin County,41,2021,14670,388,210,107,103,1,287,288,-3,2023,14282,0
Franklin County,41,2022,15170,500,222,138,84,4,406,410,6,2023,14670,0
Franklin County,41,2023,15494,324,216,124,92,2,230,232,0,2023,15170,0
Fremont County,43,2010,13225,-12,0,0,0,1,-32,0,0,2019,,0
Fremont County,43,2011,13109,-116,203,107,96,-1,-212,-213,1,2019,13225,0
Fremont County,43,2012,12966,-143,208,110,98,13,-260,-247,6,2019,13109,0
Fremont County,43,2013,12872,-94,179,91,88,3,-188,-185,3,2019,12966,0
Fremont County,43,2014,12803,-69,178,95,83,2,-158,-156,4,2019,12872,0
Fremont County,43,2015,12812,9,203,108,95,14,-100,-86,0,2019,12803,0
Fremont County,43,2016,12914,102,176,118,58,16,29,45,-1,2019,12812,0
Fremont County,43,2017,13122,208,178,104,74,4,129,133,1,2019,12914,0
Fremont County,43,2018,13155,33,178,105,73,4,-45,-41,1,2019,13122,0
Fremont County,43,2019,13099,-56,183,92,91,5,-151,-146,-1,2019,13155,0
Fremont County,43,2020,13419,32,0,0,0,0,8,0,0,2023,13099,320
Fremont County,43,2021,13591,172,158,151,7,4,160,164,1,2023,13419,0
Fremont County,43,2022,14017,426,183,163,20,11,383,394,12,2023,13591,0
Fremont County,43,2023,14196,179,186,143,43,25,112,137,-1,2023,14017,0
Gem County,45,2010,16687,-32,0,0,0,3,-47,0,0,2019,,0
Gem County,45,2011,16692,5,178,206,-28,20,14,34,-1,2019,16687,0
Gem County,45,2012,16630,-62,216,175,41,10,-117,-107,4,2019,16692,0
Gem County,45,2013,16569,-61,204,198,6,3,-70,-67,0,2019,16630,0
Gem County,45,2014,16646,77,187,210,-23,2,99,101,-1,2019,16569,0
Gem County,45,2015,16685,39,189,193,-4,19,26,45,-2,2019,16646,0
Gem County,45,2016,16959,274,211,217,-6,14,268,282,-2,2019,16685,0
Gem County,45,2017,17311,352,202,220,-18,8,361,369,1,2019,16959,0
Gem County,45,2018,17587,276,208,200,8,-1,267,266,2,2019,17311,0
Gem County,45,2019,18112,525,200,203,-3,-1,528,527,1,2019,17587,0
Gem County,45,2020,19272,150,0,0,0,0,162,0,0,2023,18112,1160
Gem County,45,2021,19802,530,192,278,-86,8,638,646,-30,2023,19272,0
Gem County,45,2022,20454,652,204,289,-85,90,616,706,31,2023,19802,0
Gem County,45,2023,21071,617,204,256,-52,267,403,670,-1,2023,20454,0
Gooding County,47,2010,15471,-1,0,0,0,2,-8,0,0,2019,,0
Gooding County,47,2011,15355,-116,229,161,68,32,-217,-185,1,2019,15471,0
Gooding County,47,2012,15250,-105,197,137,60,42,-212,-170,5,2019,15355,0
Gooding County,47,2013,15169,-81,206,145,61,21,-166,-145,3,2019,15250,0
Gooding County,47,2014,15086,-83,203,150,53,-9,-129,-138,2,2019,15169,0
Gooding County,47,2015,15188,102,195,132,63,-4,45,41,-2,2019,15086,0
Gooding County,47,2016,15135,-53,215,135,80,11,-144,-133,0,2019,15188,0
Gooding County,47,2017,15121,-14,208,162,46,-3,-56,-59,-1,2019,15135,0
Gooding County,47,2018,15116,-5,195,129,66,0,-72,-72,1,2019,15121,0
Gooding County,47,2019,15179,63,191,117,74,0,-9,-9,-2,2019,15116,0
Gooding County,47,2020,15649,48,0,0,0,2,61,0,0,2023,15179,470
Gooding County,47,2021,15793,144,202,179,23,11,106,117,4,2023,15649,0
Gooding County,47,2022,15879,86,220,178,42,13,37,50,-6,2023,15793,0
Gooding County,47,2023,16061,182,226,166,60,13,108,121,1,2023,15879,0
Idaho County,49,2010,16310,43,0,0,0,-1,27,0,0,2019,,0
Idaho County,49,2011,16462,152,166,169,-3,-3,158,155,0,2019,16310,0
Idaho County,49,2012,16444,-18,155,163,-8,-2,-6,-8,-2,2019,16462,0
Idaho County,49,2013,16249,-195,158,177,-19,1,-176,-175,-1,2019,16444,0
Idaho County,49,2014,16275,26,155,199,-44,3,70,73,-3,2019,16249,0
Idaho County,49,2015,16301,26,150,202,-52,9,72,81,-3,2019,16275,0
Idaho County,49,2016,16236,-65,157,200,-43,4,-25,-21,-1,2019,16301,0
Idaho County,49,2017,16373,137,160,177,-17,3,153,156,-2,2019,16236,0
Idaho County,49,2018,16476,103,145,190,-45,1,150,151,-3,2019,16373,0
Idaho County,49,2019,16667,191,149,179,-30,1,219,220,1,2019,16476,0
Idaho County,49,2020,16594,47,0,0,0,0,67,0,0,2023,16667,-73
Idaho County,49,2021,17059,465,139,238,-99,1,589,590,-26,2023,16594,0
Idaho County,49,2022,17637,578,168,256,-88,12,628,640,26,2023,17059,0
Idaho County,49,2023,17890,253,170,228,-58,16,299,315,-4,2023,17637,0
Jefferson County,51,2010,26223,79,0,0,0,0,-13,0,0,2019,,0
Jefferson County,51,2011,26313,90,496,143,353,2,-265,-263,0,2019,26223,0
Jefferson County,51,2012,26641,328,502,141,361,8,-42,-34,1,2019,26313,0
Jefferson County,51,2013,26804,163,480,141,339,8,-184,-176,0,2019,26641,0
Jefferson County,51,2014,26944,140,475,145,330,3,-199,-196,6,2019,26804,0
Jefferson County,51,2015,27127,183,466,171,295,10,-121,-111,-1,2019,26944,0
Jefferson County,51,2016,27830,703,465,178,287,24,393,417,-1,2019,27127,0
Jefferson County,51,2017,28439,609,443,152,291,4,314,318,0,2019,27830,0
Jefferson County,51,2018,29405,966,501,163,338,-1,630,629,-1,2019,28439,0
Jefferson County,51,2019,29871,466,496,163,333,-1,135,134,-1,2019,29405,0
Jefferson County,51,2020,31080,190,0,0,0,1,111,0,0,2023,29871,1209
Jefferson County,51,2021,32201,1121,411,220,191,5,950,955,-25,2023,31080,0
Jefferson County,51,2022,33336,1135,445,251,194,18,898,916,25,2023,32201,0
Jefferson County,51,2023,34198,862,448,238,210,34,618,652,0,2023,33336,0
Jerome County,53,2010,22442,87,0,0,0,6,-14,0,0,2019,,0
Jerome County,53,2011,22520,78,395,152,243,27,-192,-165,0,2019,22442,0
Jerome County,53,2012,22578,58,395,136,259,84,-292,-208,7,2019,22520,0
Jerome County,53,2013,22768,190,416,166,250,128,-188,-60,0,2019,22578,0
Jerome County,53,2014,22926,158,392,175,217,12,-69,-57,-2,2019,22768,0
Jerome County,53,2015,22971,45,401,176,225,60,-242,-182,2,2019,22926,0
Jerome County,53,2016,23433,462,413,178,235,171,56,227,0,2019,22971,0
Jerome County,53,2017,23768,335,382,172,210,84,41,125,0,2019,23433,0
Jerome County,53,2018,24066,298,382,151,231,93,-26,67,0,2019,23768,0
Jerome County,53,2019,24412,346,367,152,215,93,41,134,-3,2019,24066,0
Jerome County,53,2020,24270,28,0,0,0,5,-41,0,0,2023,24412,-142
Jerome County,53,2021,24738,468,356,220,136,75,254,329,3,2023,24270,0
Jerome County,53,2022,25244,506,363,248,115,121,267,388,3,2023,24738,0
Jerome County,53,2023,25479,235,364,223,141,92,0,92,2,2023,25244,0
Kootenai County,55,2010,138848,382,0,0,0,-16,237,0,0,2019,,0
Kootenai County,55,2011,140932,2084,1735,1234,501,-12,1591,1579,4,2019,138848,0
Kootenai County,55,2012,142084,1152,1684,1227,457,-32,743,711,-16,2019,140932,0
Kootenai County,55,2013,143897,1813,1711,1242,469,-55,1398,1343,1,2019,142084,0
Kootenai County,55,2014,146529,2632,1792,1270,522,-69,2143,2074,36,2019,143897,0
Kootenai County,55,2015,149367,2838,1803,1342,461,-47,2404,2357,20,2019,146529,0
Kootenai County,55,2016,153019,3652,1808,1338,470,-79,3249,3170,12,2019,149367,0
Kootenai County,55,2017,157320,4301,1826,1453,373,-99,4011,3912,16,2019,153019,0
Kootenai County,55,2018,161209,3889,1760,1457,303,-118,3694,3576,10,2019,157320,0
Kootenai County,55,2019,165697,4488,1815,1503,312,-118,4277,4159,17,2019,161209,0
Kootenai County,55,2020,172785,1422,0,0,0,0,1453,0,0,2023,165697,7088
Kootenai County,55,2021,180058,7273,1824,1817,7,-37,7644,7607,-341,2023,172785,0
Kootenai County,55,2022,183290,3232,1893,2065,-172,-56,3366,3310,94,2023,180058,0
Kootenai County,55,2023,185010,1720,1879,1782,97,12,1613,1625,-2,2023,183290,0
Latah County,57,2010,37255,12,0,0,0,0,-7,0,0,2019,,0
Latah County,57,2011,37855,600,482,216,266,101,232,333,1,2019,37255,0
Latah County,57,2012,38094,239,432,217,215,56,-26,30,-6,2019,37855,0
Latah County,57,2013,38220,126,454,231,223,131,-227,-96,-1,2019,38094,0
Latah County,57,2014,38517,297,430,248,182,125,0,125,-10,2019,38220,0
Latah County,57,2015,38796,279,465,206,259,266,-246,20,0,2019,38517,0
Latah County,57,2016,39050,254,443,224,219,279,-247,32,3,2019,38796,0
Latah County,57,2017,39741,691,444,216,228,174,287,461,2,2019,39050,0
Latah County,57,2018,39829,88,418,210,208,49,-169,-120,0,2019,39741,0
Latah County,57,2019,40108,279,422,215,207,52,20,72,0,2019,39829,0
Latah County,57,2020,39638,115,0,0,0,4,55,0,0,2023,40108,-470
Latah County,57,2021,40400,762,421,266,155,51,547,598,9,2023,39638,0
Latah County,57,2022,40924,524,434,315,119,121,310,431,-26,2023,40400,0
Latah County,57,2023,41301,377,431,295,136,368,-128,240,1,2023,40924,0
Lemhi County,59,2010,7953,17,0,0,0,0,22,0,0,2019,,0
Lemhi County,59,2011,7986,33,78,86,-8,2,39,41,0,2019,7953,0
Lemhi County,59,2012,7768,-218,69,95,-26,-1,-196,-197,5,2019,7986,0
Lemhi County,59,2013,7716,-52,53,85,-32,1,-20,-19,-1,2019,7768,0
Lemhi County,59,2014,7724,8,67,101,-34,-1,46,45,-3,2019,7716,0
Lemhi County,59,2015,7737,13,68,104,-36,-6,54,48,1,2019,7724,0
Lemhi County,59,2016,7709,-28,84,107,-23,-4,-1,-5,0,2019,7737,0
Lemhi County,59,2017,7829,120,77,102,-25,-4,148,144,1,2019,7709,0
Lemhi County,59,2018,7932,103,79,92,-13,-4,120,116,0,2019,7829,0
Lemhi County,59,2019,8027,95,75,99,-24,-4,124,120,-1,2019,7932,0
Lemhi County,59,2020,7962,-17,0,0,0,0,6,0,0,2023,8027,-65
Lemhi County,59,2021,8160,198,64,130,-66,1,278,279,-15,2023,7962,0
Lemhi County,59,2022,8284,124,62,148,-86,3,202,205,5,2023,8160,0
Lemhi County,59,2023,8441,157,64,129,-65,0,221,221,1,2023,8284,0
Lewis County,61,2010,3820,-1,0,0,0,0,-8,0,0,2019,,0
Lewis County,61,2011,3806,-14,41,41,0,-1,-15,-16,2,2019,3820,0
Lewis County,61,2012,3820,14,41,36,5,-2,13,11,-2,2019,3806,0
Lewis County,61,2013,3805,-15,39,44,-5,0,-11,-11,1,2019,3820,0
Lewis County,61,2014,3813,8,40,41,-1,5,6,11,-2,2019,3805,0
Lewis County,61,2015,3791,-22,40,38,2,11,-36,-25,1,2019,3813,0
Lewis County,61,2016,3846,55,42,46,-4,12,49,61,-2,2019,3791,0
Lewis County,61,2017,3884,38,36,42,-6,8,35,43,1,2019,3846,0
Lewis County,61,2018,3832,-52,35,40,-5,3,-49,-46,-1,2019,3884,0
Lewis County,61,2019,3838,6,34,37,-3,3,7,10,-1,2019,3832,0
Lewis County,61,2020,3527,1,0,0,0,0,1,0,0,2023,3838,-311
Lewis County,61,2021,3690,163,34,58,-24,0,197,197,-10,2023,3527,0
Lewis County,61,2022,3725,35,33,67,-34,1,67,68,1,2023,3690,0
Lewis County,61,2023,3739,14,33,61,-28,4,38,42,0,2023,3725,0
Lincoln County,63,2010,5206,0,0,0,0,-1,-4,0,0,2019,,0
Lincoln County,63,2011,5132,-74,91,46,45,-1,-118,-119,0,2019,5206,0
Lincoln County,63,2012,5262,130,75,34,41,19,69,88,1,2019,5132,0
Lincoln County,63,2013,5329,67,75,33,42,28,-3,25,0,2019,5262,0
Lincoln County,63,2014,5331,2,72,52,20,6,-25,-19,1,2019,5329,0
Lincoln County,63,2015,5307,-24,66,30,36,15,-75,-60,0,2019,5331,0
Lincoln County,63,2016,5303,-4,69,45,24,39,-69,-30,2,2019,5307,0
Lincoln County,63,2017,5376,73,72,25,47,23,4,27,-1,2019,5303,0
Lincoln County,63,2018,5398,22,64,35,29,22,-29,-7,0,2019,5376,0
Lincoln County,63,2019,5366,-32,66,41,25,23,-78,-55,-2,2019,5398,0
Lincoln County,63,2020,5134,7,0,0,0,0,0,0,0,2023,5366,-232
Lincoln County,63,2021,5285,151,66,49,17,6,134,140,-6,2023,5134,0
Lincoln County,63,2022,5385,100,69,39,30,9,63,72,-2,2023,5285,0
Lincoln County,63,2023,5450,65,66,38,28,3,32,35,2,2023,5385,0
Madison County,65,2010,37592,44,0,0,0,-12,-168,0,0,2019,,0
Madison County,65,2011,37908,316,1016,127,889,32,-606,-574,1,2019,37592,0
Madison County,65,2012,37662,-246,1081,145,936,-23,-1190,-1213,31,2019,37908,0
Madison County,65,2013,37527,-135,1103,125,978,-8,-1130,-1138,25,2019,37662,0
Madison County,65,2014,37900,373,1098,124,974,1,-601,-600,-1,2019,37527,0
Madison County,65,2015,37989,89,1154,127,1027,108,-1058,-950,12,2019,37900,0
Madison County,65,2016,38972,983,1068,123,945,115,-77,38,0,2019,37989,0
Madison County,65,2017,39370,398,1116,137,979,52,-630,-578,-3,2019,38972,0
Madison County,65,2018,39261,-109,1122,139,983,-13,-1077,-1090,-2,2019,39370,0
Madison County,65,2019,39907,646,1108,141,967,-12,-305,-317,-4,2019,39261,0
Madison County,65,2020,52928,15,0,0,0,-2,-219,0,0,2023,39907,13021
Madison County,65,2021,54092,1164,1074,200,874,20,246,266,24,2023,52928,0
Madison County,65,2022,54958,866,1116,238,878,109,-80,29,-41,2023,54092,0
Madison County,65,2023,54547,-411,1110,210,900,388,-1703,-1315,4,2023,54958,0
Minidoka County,67,2010,20083,28,0,0,0,2,-47,0,0,2019,,0
Minidoka County,67,2011,20207,124,320,176,144,41,-60,-19,-1,2019,20083,0
Minidoka County,67,2012,20152,-55,320,200,120,80,-263,-183,8,2019,20207,0
Minidoka County,67,2013,20400,248,335,170,165,80,8,88,-5,2019,20152,0
Minidoka County,67,2014,20339,-61,331,185,146,1,-213,-212,5,2019,20400,0
Minidoka County,67,2015,20430,91,307,166,141,1,-49,-48,-2,2019,20339,0
Minidoka County,67,2016,20613,183,304,153,151,27,6,33,-1,2019,20430,0
Minidoka County,67,2017,20722,109,323,169,154,-6,-39,-45,0,2019,20613,0
Minidoka County,67,2018,20719,-3,308,185,123,2,-127,-125,-1,2019,20722,0
Minidoka County,67,2019,21039,320,308,179,129,3,188,191,0,2019,20719,0
Minidoka County,67,2020,21668,86,0,0,0,1,64,0,0,2023,21039,629
Minidoka County,67,2021,21944,276,284,229,55,27,189,216,5,2023,21668,0
Minidoka County,67,2022,22208,264,306,235,71,35,165,200,-7,2023,21944,0
Minidoka County,67,2023,22480,272,304,212,92,10,168,178,2,2023,22208,0
Nez Perce County,69,2010,39315,45,0,0,0,0,28,0,0,2019,,0
Nez Perce County,69,2011,39438,123,449,490,-41,25,141,166,-2,2019,39315,0
Nez Perce County,69,2012,39504,66,481,500,-19,8,78,86,-1,2019,39438,0
Nez Perce County,69,2013,39798,294,507,519,-12,13,298,311,-5,2019,39504,0
Nez Perce County,69,2014,39841,43,496,528,-32,15,68,83,-8,2019,39798,0
Nez Perce County,69,2015,39995,154,473,454,19,9,129,138,-3,2019,39841,0
Nez Perce County,69,2016,40136,141,490,508,-18,-4,164,160,-1,2019,39995,0
Nez Perce County,69,2017,40289,153,469,577,-108,-12,273,261,0,2019,40136,0
Nez Perce County,69,2018,40256,-33,470,480,-10,-20,0,-20,-3,2019,40289,0
Nez Perce County,69,2019,40408,152,457,452,5,-20,170,150,-3,2019,40256,0
Nez Perce County,69,2020,42145,54,0,0,0,0,57,0,0,2023,40408,1737
Nez Perce County,69,2021,42500,355,430,558,-128,5,476,481,2,2023,42145,0
Nez Perce County,69,2022,42909,409,395,648,-253,16,650,666,-4,2023,42500,0
Nez Perce County,69,2023,42987,78,395,591,-196,62,212,274,0,2023,42909,0
Oneida County,71,2010,4290,4,0,0,0,0,-1,0,0,2019,,0
Oneida County,71,2011,4233,-57,54,37,17,6,-81,-75,1,2019,4290,0
Oneida County,71,2012,4225,-8,48,36,12,10,-30,-20,0,2019,4233,0
Oneida County,71,2013,4257,32,52,38,14,5,13,18,0,2019,4225,0
Oneida County,71,2014,4178,-79,45,42,3,4,-89,-85,3,2019,4257,0
Oneida County,71,2015,4248,70,42,40,2,3,65,68,0,2019,4178,0
Oneida County,71,2016,4296,48,51,41,10,0,39,39,-1,2019,4248,0
Oneida County,71,2017,4389,93,57,33,24,-2,72,70,-1,2019,4296,0
Oneida County,71,2018,4462,73,54,35,19,-3,57,54,0,2019,4389,0
Oneida County,71,2019,4531,69,54,41,13,-3,61,58,-2,2019,4462,0
Oneida County,71,2020,4566,0,0,0,0,0,3,0,0,2023,4531,35
Oneida County,71,2021,4605,39,56,53,3,0,34,34,2,2023,4566,0
Oneida County,71,2022,4740,135,59,60,-1,0,135,135,1,2023,4605,0
Oneida County,71,2023,4953,213,57,55,2,0,212,212,-1,2023,4740,0
Owyhee County,73,2010,11473,-53,0,0,0,1,-61,0,0,2019,,0
Owyhee County,73,2011,11376,-97,127,97,30,3,-130,-127,0,2019,11473,0
Owyhee County,73,2012,11409,33,148,87,61,4,-31,-27,-1,2019,11376,0
Owyhee County,73,2013,11394,-15,140,96,44,27,-87,-60,1,2019,11409,0
Owyhee County,73,2014,11288,-106,132,80,52,-3,-157,-160,2,2019,11394,0
Owyhee County,73,2015,11288,0,142,103,39,7,-43,-36,-3,2019,11288,0
Owyhee County,73,2016,11364,76,140,86,54,6,16,22,0,2019,11288,0
Owyhee County,73,2017,11618,254,146,95,51,-6,209,203,0,2019,11364,0
Owyhee County,73,2018,11669,51,133,95,38,-5,18,13,0,2019,11618,0
Owyhee County,73,2019,11823,154,141,94,47,-5,110,105,2,2019,11669,0
Owyhee County,73,2020,11996,81,0,0,0,0,81,0,0,2023,11823,173
Owyhee County,73,2021,12356,360,154,149,5,2,366,368,-13,2023,11996,0
Owyhee County,73,2022,12645,289,150,142,8,8,269,277,4,2023,12356,0
Owyhee County,73,2023,12722,77,148,137,11,6,60,66,0,2023,12645,0
Payette County,75,2010,22637,15,0,0,0,-4,-44,0,0,2019,,0
Payette County,75,2011,22547,-90,320,202,118,-15,-193,-208,0,2019,22637,0
Payette County,75,2012,22675,128,302,186,116,-10,27,17,-5,2019,22547,0
Payette County,75,2013,22550,-125,297,198,99,-22,-205,-227,3,2019,22675,0
Payette County,75,2014,22754,204,303,203,100,-27,135,108,-4,2019,22550,0
Payette County,75,2015,22790,36,315,219,96,-26,-31,-57,-3,2019,22754,0
Payette County,75,2016,22888,98,289,232,57,-28,71,43,-2,2019,22790,0
Payette County,75,2017,23163,275,284,195,89,-35,221,186,0,2019,22888,0
Payette County,75,2018,23507,344,317,237,80,-34,297,263,1,2019,23163,0
Payette County,75,2019,23951,444,306,214,92,-34,386,352,0,2019,23507,0
Payette County,75,2020,25590,201,0,0,0,0,203,0,0,2023,23951,1639
Payette County,75,2021,26386,796,316,276,40,3,780,783,-27,2023,25590,0
Payette County,75,2022,26929,543,325,347,-22,-3,545,542,23,2023,26386,0
Payette County,75,2023,27279,350,326,302,24,-8,335,327,-1,2023,26929,0
Power County,77,2010,7872,53,0,0,0,-2,25,0,0,2019,,0
Power County,77,2011,7780,-92,132,53,79,6,-178,-172,1,2019,7872,0
Power County,77,2012,7830,50,127,61,66,36,-54,-18,2,2019,7780,0
Power County,77,2013,7791,-39,134,56,78,38,-158,-120,3,2019,7830,0
Power County,77,2014,7729,-62,143,71,72,15,-152,-137,3,2019,7791,0
Power County,77,2015,7687,-42,145,77,68,8,-119,-111,1,2019,7729,0
Power County,77,2016,7681,-6,124,69,55,6,-68,-62,1,2019,7687,0
Power County,77,2017,7606,-75,121,49,72,-4,-143,-147,0,2019,7681,0
Power County,77,2018,7700,94,99,55,44,-1,50,49,1,2019,7606,0
Power County,77,2019,7681,-19,115,61,54,-1,-73,-74,1,2019,7700,0
Power County,77,2020,7879,3,0,0,0,0,-4,0,0,2023,7681,198
Power County,77,2021,7975,96,108,87,21,10,62,72,3,2023,7879,0
Power County,77,2022,8136,161,107,71,36,36,89,125,0,2023,7975,0
Power County,77,2023,8253,117,111,62,49,14,54,68,0,2023,8136,0
Shoshone County,79,2010,12749,-51,0,0,0,0,-31,0,0,2019,,0
Shoshone County,79,2011,12662,-87,125,187,-62,4,-30,-26,1,2019,12749,0
Shoshone County,79,2012,12703,41,113,192,-79,3,116,119,1,2019,12662,0
Shoshone County,79,2013,12673,-30,124,194,-70,0,40,40,0,2019,12703,0
Shoshone County,79,2014,12375,-298,138,176,-38,10,-277,-267,7,2019,12673,0
Shoshone County,79,2015,12440,65,145,158,-13,19,60,79,-1,2019,12375,0
Shoshone County,79,2016,12416,-24,154,197,-43,21,0,21,-2,2019,12440,0
Shoshone County,79,2017,12519,103,157,212,-55,15,142,157,1,2019,12416,0
Shoshone County,79,2018,12790,271,149,157,-8,6,273,279,0,2019,12519,0
Shoshone County,79,2019,12882,92,160,159,1,6,86,92,-1,2019,12790,0
Shoshone County,79,2020,13199,31,0,0,0,0,26,0,0,2023,12882,317
Shoshone County,79,2021,13615,416,130,227,-97,0,539,539,-26,2023,13199,0
Shoshone County,79,2022,13935,320,153,244,-91,-2,393,391,20,2023,13615,0
Shoshone County,79,2023,14026,91,154,227,-73,1,160,161,3,2023,13935,0
Teton County,81,2010,10151,-14,0,0,0,1,-47,0,0,2019,,0
Teton County,81,2011,10161,10,158,35,123,6,-121,-115,2,2019,10151,0
Teton County,81,2012,10125,-36,151,33,118,46,-205,-159,5,2019,10161,0
Teton County,81,2013,10399,274,157,44,113,31,128,159,2,2019,10125,0
Teton County,81,2014,10436,37,149,31,118,6,-87,-81,0,2019,10399,0
Teton County,81,2015,10725,289,149,47,102,26,157,183,4,2019,10436,0
Teton County,81,2016,11165,440,152,40,112,53,274,327,1,2019,10725,0
Teton County,81,2017,11445,280,138,43,95,31,153,184,1,2019,11165,0
Teton County,81,2018,11651,206,140,32,108,14,83,97,1,2019,11445,0
Teton County,81,2019,12142,491,135,43,92,15,380,395,4,2019,11651,0
Teton County,81,2020,11735,104,0,0,0,0,93,0,0,2023,12142,-407
Teton County,81,2021,12273,538,117,57,60,-1,504,503,-25,2023,11735,0
Teton County,81,2022,12519,246,132,67,65,12,154,166,15,2023,12273,0
Teton County,81,2023,12549,30,129,63,66,16,-51,-35,-1,2023,12519,0
Twin Falls County,83,2010,77545,304,0,0,0,34,80,0,0,2019,,0
Twin Falls County,83,2011,78100,555,1176,715,461,225,-128,97,-3,2019,77545,0
Twin Falls County,83,2012,78550,450,1192,663,529,207,-281,-74,-5,2019,78100,0
Twin Falls County,83,2013,79894,1344,1205,733,472,234,639,873,-1,2019,78550,0
Twin Falls County,83,2014,80986,1092,1210,720,490,147,463,610,-8,2019,79894,0
Twin Falls County,83,2015,82245,1259,1237,765,472,265,530,795,-8,2019,80986,0
Twin Falls County,83,2016,83819,1574,1206,780,426,347,802,1149,-1,2019,82245,0
Twin Falls County,83,2017,85374,1555,1244,746,498,190,870,1060,-3,2019,83819,0
Twin Falls County,83,2018,86029,655,1180,752,428,67,161,228,-1,2019,85374,0
Twin Falls County,83,2019,86878,849,1195,778,417,65,369,434,-2,2019,86029,0
Twin Falls County,83,2020,90372,323,0,0,0,3,264,0,0,2023,86878,3494
Twin Falls County,83,2021,92394,2022,1092,955,137,37,1890,1927,-42,2023,90372,0
Twin Falls County,83,2022,93821,1427,1140,1044,96,93,1223,1316,15,2023,92394,0
Twin Falls County,83,2023,95156,1335,1137,923,214,194,926,1120,1,2023,93821,0
Valley County,85,2010,9788,-66,0,0,0,0,-85,0,0,2019,,0
Valley County,85,2011,9636,-152,87,70,17,-4,-165,-169,0,2019,9788,0
Valley County,85,2012,9536,-100,79,58,21,-5,-116,-121,0,2019,9636,0
Valley County,85,2013,9575,39,92,61,31,-9,18,9,-1,2019,9536,0
Valley County,85,2014,9793,218,95,59,36,-7,182,175,7,2019,9575,0
Valley County,85,2015,10043,250,82,91,-9,-8,263,255,4,2019,9793,0
Valley County,85,2016,10422,379,92,70,22,-10,365,355,2,2019,10043,0
Valley County,85,2017,10667,245,92,93,-1,-13,259,246,0,2019,10422,0
Valley County,85,2018,11021,354,104,67,37,-14,327,313,4,2019,10667,0
Valley County,85,2019,11392,371,102,72,30,-14,354,340,1,2019,11021,0
Valley County,85,2020,11842,98,0,0,0,0,106,0,0,2023,11392,450
Valley County,85,2021,12256,414,90,102,-12,-2,451,449,-23,2023,11842,0
Valley County,85,2022,12450,194,83,103,-20,-1,208,207,7,2023,12256,0
Valley County,85,2023,12644,194,84,96,-12,-1,208,207,-1,2023,12450,0
Washington County,87,2010,10177,-21,0,0,0,0,1,0,0,2019,,0
Washington County,87,2011,10136,-41,112,112,0,-5,-36,-41,0,2019,10177,0
Washington County,87,2012,10030,-106,92,122,-30,-5,-74,-79,3,2019,10136,0
Washington County,87,2013,9916,-114,107,123,-16,-4,-93,-97,-1,2019,10030,0
Washington County,87,2014,9955,39,117,135,-18,-5,63,58,-1,2019,9916,0
Washington County,87,2015,9891,-64,104,104,0,-8,-55,-63,-1,2019,9955,0
Washington County,87,2016,10032,141,111,115,-4,-8,153,145,0,2019,9891,0
Washington County,87,2017,10051,19,113,113,0,-8,29,21,-2,2019,10032,0
Washington County,87,2018,10115,64,102,118,-16,-8,88,80,0,2019,10051,0
Washington County,87,2019,10194,79,108,86,22,-8,64,56,1,2019,10115,0
Washington County,87,2020,10558,60,0,0,0,0,76,0,0,2023,10194,364
Washington County,87,2021,10900,342,94,151,-57,1,415,416,-17,2023,10558,0
Washington County,87,2022,11147,247,113,174,-61,16,280,296,12,2023,10900,0
Washington County,87,2023,11425,278,116,160,-44,53,271,324,-2,2023,11147,0
