year,cfips,returns_in,indiv_in,agi_in,indiv_out,agi_out,returns_stay,indiv_stay,agi_stay,county_name
2012,1,10868,21861,514013,18885,397765,141249,319850,9151904,Ada County
2013,1,11633,23732,611946,19302,426865,143577,323938,10065741,Ada County
2014,1,11527,23380,607161,19509,460899,146981,329728,10441192,Ada County
2015,1,8339,15526,426094,13782,350336,152697,338554,11334191,Ada County
2016,1,13067,26066,830197,19725,540078,154007,339066,11766707,Ada County
2017,1,19115,39750,1307897,27814,746205,155170,339382,12578684,Ada County
2018,1,15509,30853,1084691,21864,617980,165117,359219,13939220,Ada County
2019,1,14944,28880,1093603,20581,645214,171807,369858,15692275,Ada County
2020,1,17111,34459,1406331,23758,739316,176697,388358,16624997,Ada County
2021,1,17412,32664,1472004,26671,950001,181761,376829,18940183,Ada County
2022,1,16339,29624,1531200,26317,1087677,192639,394506,23070598,Ada County
2012,3,108,208,5957,281,4808,1310,2760,49980,Adams County
2013,3,124,236,5907,252,5041,1276,2652,52392,Adams County
2014,3,121,226,4376,221,4663,1273,2630,54806,Adams County
2015,3,96,222,5120,178,3181,1308,2686,58139,Adams County
2016,3,130,239,8263,187,3908,1304,2644,59592,Adams County
2017,3,199,405,11926,222,4773,1317,2682,63503,Adams County
2018,3,194,388,10724,254,6432,1405,2849,69954,Adams County
2019,3,178,349,10079,280,6406,1439,2909,78796,Adams County
2020,3,186,389,13758,249,6258,1459,3027,90740,Adams County
2021,3,193,355,19197,225,5364,1485,2964,84201,Adams County
2022,3,205,398,17804,245,7239,1571,3156,109015,Adams County
2012,5,1892,3894,66940,4767,78213,26279,61822,1305629,Bannock County
2013,5,1801,3966,64078,4743,82913,26112,61043,1351464,Bannock County
2014,5,1676,3585,61826,4218,72596,26210,60960,1349850,Bannock County
2015,5,1323,2685,52366,2785,54285,26628,61735,1427518,Bannock County
2016,5,1806,3831,75210,4173,82857,26506,61131,1458803,Bannock County
2017,5,2476,5349,110016,5438,113689,26191,59933,1472957,Bannock County
2018,5,2029,4355,90515,3821,82793,27100,61884,1618652,Bannock County
2019,5,1973,4098,94300,4024,91305,27600,62843,1686023,Bannock County
2020,5,2208,4754,111413,4461,93812,28054,66636,1760989,Bannock County
2021,5,2363,4770,118045,4096,103439,29037,63438,1833951,Bannock County
2022,5,2267,4399,123370,3907,108977,30531,66216,2115708,Bannock County
2012,7,123,300,4484,349,6700,1912,4741,88310,Bear Lake County
2013,7,142,346,6959,295,5370,1918,4753,94351,Bear Lake County
2014,7,106,253,4519,229,4491,1963,4824,95143,Bear Lake County
2015,7,67,147,3107,188,3280,1998,4856,102415,Bear Lake County
2016,7,127,315,6553,265,6302,1961,4729,99176,Bear Lake County
2017,7,156,400,8191,311,5730,1958,4766,98314,Bear Lake County
2018,7,134,284,6926,251,6314,2011,4937,107171,Bear Lake County
2019,7,135,325,8651,216,5137,2058,5036,116305,Bear Lake County
2020,7,152,355,11302,384,10856,2076,5321,118279,Bear Lake County
2021,7,167,419,11100,225,5877,2123,5076,126945,Bear Lake County
2022,7,155,341,10269,252,6905,2217,5345,150338,Bear Lake County
2012,9,218,485,7756,467,8149,3018,6739,125231,Benewah County
2013,9,237,459,9044,393,7997,3024,6719,129332,Benewah County
2014,9,211,413,8532,398,6785,3041,6688,134470,Benewah County
2015,9,133,283,4652,345,5784,3055,6661,140587,Benewah County
2016,9,207,444,6598,427,7146,2987,6540,144199,Benewah County
2017,9,319,732,13547,459,8743,3001,6533,139958,Benewah County
2018,9,251,534,13633,397,7502,3109,6817,148009,Benewah County
2019,9,243,498,12464,421,8075,3123,6834,170756,Benewah County
2020,9,333,778,17310,392,7897,3184,7274,165269,Benewah County
2021,9,399,841,22008,429,9914,3319,7028,178654,Benewah County
2022,9,337,704,23684,413,10646,3556,7490,215037,Benewah County
2012,11,972,2303,33173,2858,39879,14169,38387,681258,Bingham County
2013,11,924,2298,38032,2711,39891,14202,38152,741968,Bingham County
2014,11,913,2252,34719,2451,38431,14087,37679,717566,Bingham County
2015,11,662,1545,24812,2009,31979,14258,37733,787137,Bingham County
2016,11,934,2333,41442,2241,40241,14115,37218,753210,Bingham County
2017,11,1347,3387,62420,2839,50564,13871,36406,726801,Bingham County
2018,11,1097,2694,50485,2232,43334,14284,37398,785072,Bingham County
2019,11,1178,2720,59632,2392,47838,14577,37645,855967,Bingham County
2020,11,1287,3221,68137,2516,50765,14761,40915,875409,Bingham County
2021,11,1302,2972,72199,2408,51822,15222,37471,940498,Bingham County
2022,11,1320,2923,74466,2288,53370,16227,39357,1142083,Bingham County
2012,13,623,1144,30264,1123,34901,8713,19068,802869,Blaine County
2013,13,631,1152,278882,1155,37378,8747,18987,952263,Blaine County
2014,13,597,1131,52332,1013,42158,8906,19148,839461,Blaine County
2015,13,478,799,42549,731,25503,9096,19380,982506,Blaine County
2016,13,630,1140,66799,993,35482,9159,19329,1060760,Blaine County
2017,13,856,1534,85268,1212,38911,9139,19079,975210,Blaine County
2018,13,743,1312,104879,1018,34627,9545,19555,1094504,Blaine County
2019,13,713,1158,195886,1070,55748,9635,19524,1345317,Blaine County
2020,13,886,1561,258424,1024,50039,9747,19750,1533824,Blaine County
2021,13,852,1520,267429,1052,73689,9854,19066,1750740,Blaine County
2022,13,756,1292,242719,1149,108794,10436,19991,3477621,Blaine County
2012,15,238,453,11353,574,11814,2245,4906,115475,Boise County
2013,15,297,574,13853,490,11784,2215,4791,113545,Boise County
2014,15,263,480,13624,450,9818,2195,4726,122405,Boise County
2015,15,200,406,11787,259,6538,2307,4862,135580,Boise County
2016,15,243,484,15653,362,8866,2343,4901,139075,Boise County
2017,15,604,1249,46443,725,23692,2277,4692,146476,Boise County
2018,15,391,773,31171,562,17172,2482,5129,160757,Boise County
2019,15,379,756,25847,529,17188,2504,5183,170802,Boise County
2020,15,475,1010,48128,536,14166,2595,5430,179294,Boise County
2021,15,467,985,41423,617,21052,2718,5392,189421,Boise County
2022,15,402,756,35952,532,20290,2915,5809,251514,Boise County
2012,17,1217,2511,60954,2319,44061,13941,29660,624834,Bonner County
2013,17,1325,2690,69407,2144,49154,14120,29981,692777,Bonner County
2014,17,1306,2597,71350,2152,49080,14273,30223,727997,Bonner County
2015,17,900,1785,52209,1606,39553,14670,30761,805083,Bonner County
2016,17,1394,2829,88130,2007,43842,14782,30723,835888,Bonner County
2017,17,2138,4482,147604,2576,62214,14894,30963,831558,Bonner County
2018,17,1642,3344,112893,2369,64085,15824,32848,996399,Bonner County
2019,17,1574,3133,110246,2150,65850,16267,33784,1087291,Bonner County
2020,17,1995,4308,179237,2394,66738,16427,35207,1120319,Bonner County
2021,17,2216,4498,207022,2502,70672,16736,34302,1349385,Bonner County
2022,17,1931,3939,194411,2429,93449,18086,37025,1921479,Bonner County
2012,19,2503,5870,93127,6118,118483,33802,86890,2081386,Bonneville County
2013,19,2781,6498,123312,6420,127006,33960,87471,2229675,Bonneville County
2014,19,2548,5983,105768,6126,111807,34405,88082,2194226,Bonneville County
2015,19,2197,4791,93868,3931,83019,35624,90701,2246622,Bonneville County
2016,19,2864,6793,184255,5864,125360,35724,90345,2409855,Bonneville County
2017,19,4127,10138,218139,8292,188207,35654,89732,2680931,Bonneville County
2018,19,3263,7567,174707,6640,145382,37389,93796,2960254,Bonneville County
2019,19,3321,7675,192866,6020,146037,38535,95774,3204168,Bonneville County
2020,19,3733,9082,230790,6890,168924,39189,104510,3036210,Bonneville County
2021,19,3807,8323,232083,6918,207358,40526,97327,3196221,Bonneville County
2022,19,3736,7930,245606,7023,226224,43018,101463,4087340,Bonneville County
2012,21,288,602,11061,587,8921,3546,8337,144937,Boundary County
2013,21,297,618,20396,521,8513,3558,8338,155853,Boundary County
2014,21,292,638,12593,491,8913,3636,8430,166736,Boundary County
2015,21,222,529,10383,311,6625,3758,8726,175316,Boundary County
2016,21,358,782,16041,381,8104,3785,8841,182631,Boundary County
2017,21,483,1087,25872,743,16051,3770,8755,185840,Boundary County
2018,21,357,807,21278,670,13329,4040,9392,204896,Boundary County
2019,21,415,934,35611,553,10485,4165,9546,225915,Boundary County
2020,21,486,1085,31021,707,14706,4213,10347,236645,Boundary County
2021,21,536,1209,42727,584,13973,4389,9860,258317,Boundary County
2022,21,445,968,35709,588,17401,4760,10626,335794,Boundary County
2012,23,56,140,2082,266,5012,810,2057,37741,Butte County
2013,23,53,116,1829,168,2118,788,1966,38202,Butte County
2014,23,59,146,1861,161,3732,785,1960,37963,Butte County
2015,23,45,92,895,169,2421,778,1925,40788,Butte County
2016,23,71,185,2686,118,2328,776,1889,39507,Butte County
2017,23,79,191,2756,155,1404,753,1848,36796,Butte County
2018,23,71,157,3386,121,3157,778,1908,39618,Butte County
2019,23,60,124,2689,86,1687,794,1946,43543,Butte County
2020,23,83,201,4281,74,1537,783,2103,48245,Butte County
2021,23,94,187,4016,93,1678,823,1885,49982,Butte County
2022,23,77,183,4201,74,2011,892,2002,56633,Butte County
2012,25,32,70,1206,94,1303,319,713,16247,Camas County
2013,25,36,73,1331,79,1658,324,731,17819,Camas County
2014,25,31,76,1456,,,323,739,16464,Camas County
2015,25,23,46,1404,,,343,763,19526,Camas County
2016,25,28,65,1296,41,693,349,779,22081,Camas County
2017,25,40,92,1719,80,1885,326,766,21421,Camas County
2018,25,31,70,1773,46,1549,356,824,20479,Camas County
2019,25,20,42,844,53,929,361,818,23115,Camas County
2020,25,36,85,2524,44,1858,369,856,24422,Camas County
2021,25,43,89,3720,37,1104,359,771,22865,Camas County
2022,25,32,66,1848,51,2321,405,834,35538,Camas County
2012,27,5153,11673,176012,10529,150521,56963,148951,2433630,Canyon County
2013,27,5811,13061,212499,10514,169917,57573,149802,2631567,Canyon County
2014,27,5524,12359,212007,10624,182422,59442,152901,2763428,Canyon County
2015,27,4130,8749,161624,7571,125745,61912,157376,2986172,Canyon County
2016,27,6059,13142,256710,10640,196053,62263,156813,3115211,Canyon County
2017,27,9111,20081,422057,14434,280828,62369,155376,3202364,Canyon County
2018,27,7635,16261,368980,11722,246232,66550,163200,3591204,Canyon County
2019,27,7713,15805,419849,11141,240196,69675,166702,4038988,Canyon County
2020,27,8951,19126,513486,12637,284904,72466,179874,4378344,Canyon County
2021,27,9500,19387,612698,12937,321602,76991,174946,4835852,Canyon County
2022,27,8958,17782,674503,12975,372815,83083,186059,6071444,Canyon County
2012,29,156,380,6185,319,7824,2210,5659,127261,Caribou County
2013,29,142,354,5532,365,7764,2208,5648,130189,Caribou County
2014,29,127,300,6028,295,6053,2205,5623,132026,Caribou County
2015,29,97,219,4539,289,6171,2215,5632,143596,Caribou County
2016,29,143,361,6464,276,6276,2216,5569,129808,Caribou County
2017,29,206,542,11867,408,9812,2176,5507,128660,Caribou County
2018,29,144,371,7935,313,5991,2233,5708,131678,Caribou County
2019,29,128,282,5515,306,9143,2229,5714,137853,Caribou County
2020,29,193,559,14085,358,7286,2231,6019,134998,Caribou County
2021,29,166,369,10555,342,8221,2318,5697,142429,Caribou County
2022,29,174,348,10192,302,7994,2436,5893,199913,Caribou County
2012,31,581,1549,19024,1560,20843,6856,19419,312026,Cassia County
2013,31,579,1552,19447,1571,25568,6773,19478,344183,Cassia County
2014,31,613,1667,24113,1537,19098,6952,19768,348379,Cassia County
2015,31,411,1029,14965,1231,18247,7141,20186,374190,Cassia County
2016,31,546,1427,21408,1515,27566,7035,19616,372685,Cassia County
2017,31,768,1962,28872,1730,30205,6952,19181,371804,Cassia County
2018,31,619,1526,30182,1429,23909,7200,19750,395147,Cassia County
2019,31,589,1454,24211,1408,28655,7307,19500,422969,Cassia County
2020,31,678,1697,36655,1554,27830,7375,20879,418579,Cassia County
2021,31,681,1623,32007,1382,29023,7601,18940,500406,Cassia County
2022,31,673,1529,36344,1431,33305,8114,20068,675820,Cassia County
2012,33,12,36,672,86,725,244,672,9018,Clark County
2013,33,,,,72,1204,238,668,9513,Clark County
2014,33,26,82,726,,,236,648,8632,Clark County
2015,33,,,,,,253,703,10269,Clark County
2016,33,,,,,,249,661,9228,Clark County
2017,33,,,,59,1505,237,652,8943,Clark County
2018,33,,,,,,239,612,10038,Clark County
2019,33,,,,,,229,569,10337,Clark County
2020,33,,,,,,234,596,9659,Clark County
2021,33,,,,,,238,548,9705,Clark County
2022,33,,,,,,241,558,12049,Clark County
2012,35,209,410,8514,401,7920,2756,5779,120172,Clearwater County
2013,35,225,482,8769,396,8922,2749,5706,124821,Clearwater County
2014,35,171,344,7378,363,6365,2767,5723,131437,Clearwater County
2015,35,138,277,6618,259,5704,2796,5733,134861,Clearwater County
2016,35,188,402,8045,333,8258,2723,5615,136463,Clearwater County
2017,35,302,587,14985,447,9265,2649,5446,135189,Clearwater County
2018,35,228,487,9710,336,8158,2738,5590,146211,Clearwater County
2019,35,236,504,11571,406,14609,2742,5659,154051,Clearwater County
2020,35,265,511,12683,370,6934,2758,5949,157527,Clearwater County
2021,35,282,521,12847,338,7826,2861,5790,168959,Clearwater County
2022,35,275,527,19730,408,10811,2911,5835,190631,Clearwater County
2012,37,170,387,6473,295,5436,1536,3261,71804,Custer County
2013,37,133,270,5310,342,9799,1524,3263,124739,Custer County
2014,37,120,222,4502,254,5384,1488,3158,82280,Custer County
2015,37,78,152,3273,232,6028,1486,3149,78597,Custer County
2016,37,129,269,5967,242,5119,1420,2977,69526,Custer County
2017,37,184,384,8263,271,5867,1421,2953,70063,Custer County
2018,37,155,327,9675,203,5268,1504,3171,73017,Custer County
2019,37,129,262,7437,248,5875,1541,3256,80490,Custer County
2020,37,174,332,10811,254,4287,1520,3300,78797,Custer County
2021,37,176,345,9949,211,5157,1591,3209,82748,Custer County
2022,37,171,323,10995,257,6285,1649,3299,100051,Custer County
2012,39,1147,2363,39399,2986,46431,8034,19167,325659,Elmore County
2013,39,1087,2408,37649,2773,47246,8149,19322,342602,Elmore County
2014,39,1164,2648,47753,3028,52252,8153,19219,357392,Elmore County
2015,39,915,1873,33276,1874,34027,8472,19914,388212,Elmore County
2016,39,1151,2444,43712,2569,46657,8463,19791,390749,Elmore County
2017,39,1629,3687,66485,3748,73608,8024,18494,375374,Elmore County
2018,39,1308,2746,53719,2708,59300,8573,19692,400112,Elmore County
2019,39,1158,2439,48445,2537,53764,8969,20136,438743,Elmore County
2020,39,1295,2793,57481,3216,59071,8864,20255,452331,Elmore County
2021,39,1378,2837,65823,2595,49653,9135,19534,485822,Elmore County
2022,39,1395,2788,69861,2645,65896,9571,20381,560405,Elmore County
2012,41,249,597,9818,638,10934,3806,11028,169398,Franklin County
2013,41,271,677,12391,649,9992,3801,10952,179252,Franklin County
2014,41,229,591,9166,590,9456,3868,11051,189222,Franklin County
2015,41,179,463,7049,423,6505,3931,11184,209240,Franklin County
2016,41,295,745,12909,487,9029,3935,11085,219502,Franklin County
2017,41,385,1017,20134,709,12864,4050,11244,213715,Franklin County
2018,41,300,778,15226,648,11303,4231,11555,230370,Franklin County
2019,41,281,729,15159,676,12163,4233,11611,248919,Franklin County
2020,41,362,972,21273,693,12175,4275,12774,259489,Franklin County
2021,41,370,959,22978,546,12434,4557,11843,283083,Franklin County
2022,41,376,924,28037,573,12438,4961,12719,347683,Franklin County
2012,43,293,775,11500,954,12712,3964,10490,158501,Fremont County
2013,43,343,868,19968,955,12460,3959,10522,169003,Fremont County
2014,43,276,688,12620,818,11415,3977,10503,176149,Fremont County
2015,43,224,510,8234,571,9754,4073,10655,192391,Fremont County
2016,43,322,781,12879,849,13727,4038,10442,182706,Fremont County
2017,43,457,1203,24050,1071,16949,4000,10259,181458,Fremont County
2018,43,391,920,20034,990,18074,4127,10643,191700,Fremont County
2019,43,359,848,17214,826,16693,4225,10606,208351,Fremont County
2020,43,398,1011,23849,961,17088,4157,11340,216577,Fremont County
2021,43,508,1185,31515,733,14832,4302,10374,243907,Fremont County
2022,43,432,950,29498,793,19308,4675,11163,310979,Fremont County
2012,45,520,1084,19229,1140,20030,5370,12572,217351,Gem County
2013,45,506,1114,22119,1129,22431,5342,12408,232426,Gem County
2014,45,541,1138,21008,983,14767,5418,12574,254829,Gem County
2015,45,335,714,15015,779,14368,5605,12791,254675,Gem County
2016,45,565,1234,25772,874,17353,5520,12631,266185,Gem County
2017,45,850,1885,43986,1331,26449,5423,12342,257813,Gem County
2018,45,712,1525,41480,1047,22017,5825,13207,291389,Gem County
2019,45,628,1350,34883,865,22079,6127,13666,329681,Gem County
2020,45,770,1671,48186,1142,24546,6184,14336,362354,Gem County
2021,45,829,1643,57262,1016,22574,6572,14123,403433,Gem County
2022,45,758,1599,63290,1067,27137,6946,14880,473088,Gem County
2012,47,388,995,12719,1046,5394,4856,13134,-88240,Gooding County
2013,47,400,1018,12709,1244,15638,4807,12802,-58350,Gooding County
2014,47,344,871,11461,951,12559,4817,12624,-29889,Gooding County
2015,47,347,863,11879,746,8947,4867,12657,163037,Gooding County
2016,47,418,1039,15923,998,24298,4757,12086,151766,Gooding County
2017,47,475,1095,18399,1101,48219,4650,11663,178899,Gooding County
2018,47,392,886,16065,904,14911,4739,11700,172538,Gooding County
2019,47,392,841,21031,776,14658,4823,11576,192809,Gooding County
2020,47,482,1104,21147,861,17792,4896,12260,203864,Gooding County
2021,47,465,928,21210,880,17868,4996,11509,227173,Gooding County
2022,47,442,864,25652,773,17341,5260,11908,312018,Gooding County
2012,49,532,1166,19462,638,10298,4654,10286,181711,Idaho County
2013,49,336,739,15945,745,-1660,4810,10632,223972,Idaho County
2014,49,395,833,16901,551,10061,4963,11019,233121,Idaho County
2015,49,253,528,4598,441,8869,5044,11128,248067,Idaho County
2016,49,332,681,15948,613,13485,5040,10991,241578,Idaho County
2017,49,574,1195,26744,827,16124,4927,10740,227514,Idaho County
2018,49,391,781,22230,692,14320,5065,10992,249783,Idaho County
2019,49,410,796,21457,534,13007,5146,11167,280806,Idaho County
2020,49,553,1193,32095,649,15951,5150,11746,287686,Idaho County
2021,49,673,1322,45012,623,16197,5313,11224,312827,Idaho County
2022,49,500,1018,31797,715,23503,5720,12012,403380,Idaho County
2012,51,763,2044,28348,1888,25679,7599,22185,383291,Jefferson County
2013,51,779,2042,32263,2137,33150,7630,22313,441997,Jefferson County
2014,51,696,1876,30480,1870,28297,7668,22497,427656,Jefferson County
2015,51,474,1176,20011,1291,22655,7848,22993,438517,Jefferson County
2016,51,794,2138,37183,1682,29089,7765,22734,455411,Jefferson County
2017,51,1165,3291,62888,2539,42059,7708,22425,439946,Jefferson County
2018,51,951,2592,55123,1965,40005,8202,23872,498217,Jefferson County
2019,51,910,2348,52568,1950,37095,8523,24406,551036,Jefferson County
2020,51,1089,3077,70603,2269,43677,8683,27496,588482,Jefferson County
2021,51,1102,2850,74607,2135,49539,9052,24814,671988,Jefferson County
2022,51,1099,2613,77923,2059,51899,9812,26405,788419,Jefferson County
2012,53,683,1708,10818,1821,23003,6886,19250,182274,Jerome County
2013,53,735,1928,21632,1702,23202,6939,19258,217681,Jerome County
2014,53,691,1678,20421,1825,24045,6964,19218,236067,Jerome County
2015,53,505,1222,13395,1403,22771,7148,19380,279583,Jerome County
2016,53,708,1725,25399,1653,25135,6988,18873,298476,Jerome County
2017,53,864,2049,34568,2023,31063,6875,18186,307285,Jerome County
2018,53,645,1455,27090,1532,22863,7055,18448,325212,Jerome County
2019,53,631,1418,26426,1341,25644,7179,18256,361043,Jerome County
2020,53,707,1609,31860,1536,26100,7214,19074,388879,Jerome County
2021,53,800,1656,37313,1398,28762,7398,17715,434085,Jerome County
2022,53,662,1352,33511,1282,28525,7937,18628,502472,Jerome County
2012,55,3817,7574,175392,6676,275541,51179,112619,2690198,Kootenai County
2013,55,4175,8332,214934,6652,143890,51659,113231,2821357,Kootenai County
2014,55,4195,8348,217330,6242,142916,52712,115016,2916926,Kootenai County
2015,55,3036,5699,170692,4907,118535,54431,117505,3147427,Kootenai County
2016,55,4864,9636,277753,6592,153897,54898,117913,3420817,Kootenai County
2017,55,6902,14270,437867,8547,214465,55403,118348,3441528,Kootenai County
2018,55,5349,10675,377234,7098,188471,58832,125373,3885797,Kootenai County
2019,55,5492,10788,407658,6651,206040,60923,129497,4326047,Kootenai County
2020,55,6683,14255,556517,8002,230203,62526,136887,4642148,Kootenai County
2021,55,6833,13712,600226,9147,258023,64150,133296,5067200,Kootenai County
2022,55,6059,11892,647407,9236,367059,67969,140681,6757234,Kootenai County
2012,57,1201,2129,37662,2399,45438,11350,24318,603934,Latah County
2013,57,1245,2265,49466,2596,46438,11280,24258,648706,Latah County
2014,57,1189,2219,47651,2471,51587,11299,24248,659599,Latah County
2015,57,837,1382,39005,1483,31200,11803,25145,714745,Latah County
2016,57,1282,2297,51914,2516,54868,11707,24800,732839,Latah County
2017,57,1607,2986,70271,3312,73520,11494,24251,729548,Latah County
2018,57,1295,2218,58909,2394,58567,12056,25397,804393,Latah County
2019,57,1290,2161,56257,2315,66715,12307,25850,880859,Latah County
2020,57,1501,2871,75301,2632,66009,12396,27208,889844,Latah County
2021,57,1342,2525,73400,2420,69401,12587,26119,941841,Latah County
2022,57,1357,2427,81433,2592,79430,13025,27048,1139918,Latah County
2012,59,219,442,9984,453,7288,2817,5850,121671,Lemhi County
2013,59,214,407,9209,450,8460,2749,5712,126319,Lemhi County
2014,59,181,324,8151,301,5541,2763,5755,122828,Lemhi County
2015,59,141,298,6272,237,5083,2811,5722,146501,Lemhi County
2016,59,193,380,12949,317,7322,2759,5624,129353,Lemhi County
2017,59,304,643,16406,391,8413,2759,5609,127694,Lemhi County
2018,59,207,382,11613,357,6889,2855,5824,136056,Lemhi County
2019,59,233,426,15282,310,7777,2885,5863,148685,Lemhi County
2020,59,274,488,16782,331,9557,2915,6128,149440,Lemhi County
2021,59,254,478,15617,307,7212,3007,5934,158080,Lemhi County
2022,59,295,553,30424,307,8444,3158,6136,199737,Lemhi County
2012,61,166,357,5554,800,12517,1498,3352,65376,Lewis County
2013,61,164,352,5344,311,6151,1523,3422,68715,Lewis County
2014,61,113,264,3916,229,4328,1398,3135,66195,Lewis County
2015,61,118,241,4369,252,3828,1364,2991,66117,Lewis County
2016,61,144,298,6196,261,5142,1337,2951,59919,Lewis County
2017,61,210,464,9437,361,6397,1301,2847,58974,Lewis County
2018,61,138,291,6163,310,5716,1317,2863,63146,Lewis County
2019,61,132,243,5655,267,5746,1318,2881,68253,Lewis County
2020,61,211,498,11727,265,6375,1293,2977,70027,Lewis County
2021,61,215,430,12195,304,6582,1330,2821,74581,Lewis County
2022,61,177,397,14311,273,5645,1441,3025,86206,Lewis County
2012,63,157,403,4473,386,3787,1559,4304,61880,Lincoln County
2013,63,175,477,5790,527,8929,1560,4243,68589,Lincoln County
2014,63,169,452,5162,438,6160,1553,4208,68412,Lincoln County
2015,63,115,302,4162,309,4228,1528,4089,71467,Lincoln County
2016,63,123,356,4058,404,6590,1498,3934,71904,Lincoln County
2017,63,158,367,5550,478,9613,1453,3727,68936,Lincoln County
2018,63,136,299,5779,262,3891,1505,3845,70628,Lincoln County
2019,63,146,312,5325,314,5414,1504,3702,73240,Lincoln County
2020,63,144,380,5711,342,6801,1504,3920,71637,Lincoln County
2021,63,183,392,7976,317,5604,1540,3580,81284,Lincoln County
2022,63,155,352,6995,241,6472,1645,3788,96700,Lincoln County
2012,65,1110,2652,34578,4201,42309,7132,21602,341558,Madison County
2013,65,1133,2769,35272,4230,46887,7146,21637,387301,Madison County
2014,65,1225,2915,36373,4101,43252,7425,22392,389281,Madison County
2015,65,1063,2305,28341,2897,36684,8072,23946,432675,Madison County
2016,65,1390,3275,43952,4966,55368,8050,23614,432126,Madison County
2017,65,1632,4004,58997,6934,85864,7827,22488,427726,Madison County
2018,65,1448,3224,52203,5007,65741,8363,23865,466480,Madison County
2019,65,1515,3397,57373,4855,69021,8794,24548,506167,Madison County
2020,65,1650,4001,66292,5725,82820,8979,28048,533985,Madison County
2021,65,1901,4045,82203,5136,80432,9598,25187,593993,Madison County
2022,65,2008,4110,82243,5461,105209,10605,27026,725128,Madison County
2012,67,510,1221,13322,1462,16182,6525,17014,313134,Minidoka County
2013,67,578,1424,20367,1345,19226,6558,16966,336498,Minidoka County
2014,67,493,1243,15668,1475,23782,6600,16982,316845,Minidoka County
2015,67,398,941,13160,1033,40713,6759,17374,337951,Minidoka County
2016,67,518,1276,20221,1241,18860,6743,17198,332317,Minidoka County
2017,67,643,1534,26850,1510,24561,6603,16790,326161,Minidoka County
2018,67,516,1243,21404,1096,25901,6754,16974,331649,Minidoka County
2019,67,553,1237,24347,1141,20490,6894,16955,364088,Minidoka County
2020,67,610,1572,29648,1309,23698,6923,17727,380788,Minidoka County
2021,67,692,1518,34093,1193,23827,7105,16653,431291,Minidoka County
2022,67,596,1322,28888,1061,22465,7621,17542,499889,Minidoka County
2012,69,1077,2033,35049,2035,38743,14071,29655,727111,Nez Perce County
2013,69,1145,2178,43640,2081,44671,14084,29664,767932,Nez Perce County
2014,69,1024,1853,37434,1938,42539,14177,29727,792729,Nez Perce County
2015,69,785,1430,31151,1458,31069,14473,29911,820935,Nez Perce County
2016,69,1149,2155,47105,2026,50029,14265,29498,831508,Nez Perce County
2017,69,1460,2707,67353,2719,62232,14041,29107,828273,Nez Perce County
2018,69,1183,2177,52486,2023,47191,14425,29800,890556,Nez Perce County
2019,69,1154,2150,56615,1939,49243,14651,30199,995274,Nez Perce County
2020,69,1233,2378,60974,2227,57558,14600,30830,948907,Nez Perce County
2021,69,1286,2353,69383,1901,55997,14805,29947,997723,Nez Perce County
2022,69,1216,2187,66542,1930,57420,15541,31228,1183205,Nez Perce County
2012,71,81,231,3070,249,3834,1348,3476,56520,Oneida County
2013,71,83,199,3446,236,3607,1337,3459,61560,Oneida County
2014,71,59,151,1837,188,3149,1331,3420,57157,Oneida County
2015,71,56,148,2335,144,1801,1345,3435,54140,Oneida County
2016,71,106,237,3891,202,2145,1350,3422,61236,Oneida County
2017,71,122,313,8327,280,5256,1351,3398,61112,Oneida County
2018,71,128,288,6233,171,3030,1403,3553,70808,Oneida County
2019,71,114,258,5763,171,3055,1421,3589,73736,Oneida County
2020,71,139,425,9231,293,4220,1463,3900,67993,Oneida County
2021,71,133,307,7386,192,4036,1498,3609,76361,Oneida County
2022,71,160,415,10182,188,5689,1587,3821,96045,Oneida County
2012,73,352,980,12368,934,11374,3259,8753,101719,Owyhee County
2013,73,339,883,12289,867,10949,3254,8810,115638,Owyhee County
2014,73,340,810,14986,814,11081,3266,8569,115205,Owyhee County
2015,73,252,617,8096,669,10552,3382,8714,138392,Owyhee County
2016,73,355,884,13644,755,13052,3318,8561,131790,Owyhee County
2017,73,491,1185,21526,896,14040,3279,8270,132966,Owyhee County
2018,73,405,905,19528,845,13935,3427,8574,137312,Owyhee County
2019,73,428,994,19959,736,13547,3554,8531,164436,Owyhee County
2020,73,481,1028,23417,783,15853,3599,8959,180889,Owyhee County
2021,73,512,1089,28239,822,18366,3804,8686,200512,Owyhee County
2022,73,472,962,33919,819,25432,4107,9289,257074,Owyhee County
2012,75,643,1598,22489,1638,23034,7110,17636,343479,Payette County
2013,75,748,1728,30259,1520,25100,7107,17627,370478,Payette County
2014,75,693,1570,29645,1474,24104,7199,17680,379175,Payette County
2015,75,496,1098,17323,1162,21704,7405,18028,421754,Payette County
2016,75,711,1582,27237,1374,25274,7320,17753,417753,Payette County
2017,75,969,2269,41663,1793,34306,7265,17465,438196,Payette County
2018,75,871,1886,41818,1575,28345,7587,18180,507521,Payette County
2019,75,832,1867,41910,1420,35421,7827,18507,504765,Payette County
2020,75,1001,2272,57154,1603,45985,7892,19746,573744,Payette County
2021,75,1039,2143,67359,1520,33125,8258,18897,533342,Payette County
2022,75,1000,2025,64006,1647,42525,8849,19973,649562,Payette County
2012,77,161,424,6647,537,8433,2517,6887,111897,Power County
2013,77,168,425,5877,581,12910,2470,6767,119989,Power County
2014,77,155,382,4840,434,5717,2476,6724,102656,Power County
2015,77,156,384,4626,385,6451,2471,6607,101058,Power County
2016,77,154,393,5535,396,6640,2493,6668,102910,Power County
2017,77,191,516,7194,569,9263,2393,6333,103279,Power County
2018,77,189,433,7106,398,7207,2433,6419,101425,Power County
2019,77,180,376,6999,426,6967,2478,6326,103846,Power County
2020,77,192,502,8557,386,7218,2526,6915,100802,Power County
2021,77,194,437,8434,316,6348,2610,6317,101100,Power County
2022,77,175,378,10062,404,10815,2751,6614,158233,Power County
2012,79,368,708,14486,661,10703,4223,8846,194703,Shoshone County
2013,79,308,603,12215,691,12530,4161,8762,200208,Shoshone County
2014,79,269,535,11030,654,12907,4063,8509,192940,Shoshone County
2015,79,212,430,8989,411,9232,4096,8535,197702,Shoshone County
2016,79,271,531,11054,482,9111,4068,8382,197518,Shoshone County
2017,79,476,953,20482,603,15504,4059,8317,194400,Shoshone County
2018,79,390,734,16222,562,12429,4164,8631,193335,Shoshone County
2019,79,342,612,14704,513,13143,4236,8645,208458,Shoshone County
2020,79,432,915,21542,621,15088,4222,8805,210891,Shoshone County
2021,79,484,962,28092,509,13071,4382,8745,221771,Shoshone County
2022,79,434,792,30762,579,16503,4663,9285,271283,Shoshone County
2012,81,379,689,19696,773,13382,3057,7796,145304,Teton County
2013,81,417,838,23784,705,14148,3123,7871,160734,Teton County
2014,81,338,659,18218,759,17521,3181,7861,169923,Teton County
2015,81,325,594,15799,495,14198,3361,8186,197373,Teton County
2016,81,436,795,26610,582,15024,3463,8325,194852,Teton County
2017,81,584,1020,43838,823,19529,3474,8291,205625,Teton County
2018,81,500,942,37412,707,20848,3670,8571,247011,Teton County
2019,81,504,854,40655,621,18075,3824,8686,282916,Teton County
2020,81,573,1039,65847,597,22574,3917,9134,287972,Teton County
2021,81,612,1026,61550,617,22123,4107,8810,333793,Teton County
2022,81,591,961,79832,836,41840,4478,9327,492858,Teton County
2012,83,2063,4625,67692,4426,60810,25907,61934,1118165,Twin Falls County
2013,83,2139,4952,83721,4482,76311,26018,62272,1259085,Twin Falls County
2014,83,2083,4765,81905,4322,71214,26529,63200,1266715,Twin Falls County
2015,83,1559,3383,60457,3216,187221,27424,65061,1400986,Twin Falls County
2016,83,2256,5080,106247,4362,79445,27397,64806,1451667,Twin Falls County
2017,83,3015,6722,182390,5806,117234,27296,64378,1464467,Twin Falls County
2018,83,2296,4814,111399,4443,92958,28464,66775,1526081,Twin Falls County
2019,83,2210,4567,105786,4097,92230,29102,67592,1658401,Twin Falls County
2020,83,2642,5806,145038,4588,93731,29279,71016,1769834,Twin Falls County
2021,83,2847,5786,171582,4662,111004,30175,67339,1889694,Twin Falls County
2022,83,2600,5127,160877,4233,125319,32141,70757,2289697,Twin Falls County
2012,85,413,769,21904,781,16927,3461,7205,177603,Valley County
2013,85,424,781,27459,656,15616,3519,7282,201704,Valley County
2014,85,410,787,23576,608,16805,3607,7418,205286,Valley County
2015,85,289,500,16341,473,13927,3752,7752,221967,Valley County
2016,85,499,952,34488,586,14389,3778,7724,235625,Valley County
2017,85,716,1407,49786,841,24683,3779,7696,244667,Valley County
2018,85,605,1118,47871,706,19539,4068,8265,288217,Valley County
2019,85,498,948,42291,703,22963,4280,8676,343911,Valley County
2020,85,697,1353,72693,780,22916,4339,8910,357587,Valley County
2021,85,645,1256,84601,970,42917,4402,8700,393933,Valley County
2022,85,576,1040,79714,847,77181,4685,9337,530418,Valley County
2012,87,241,574,8119,605,8723,3171,7538,119466,Washington County
2013,87,272,636,11262,611,8414,3114,7400,130158,Washington County
2014,87,252,552,9153,553,9137,3113,7379,130181,Washington County
2015,87,181,391,6699,415,6808,3197,7490,139627,Washington County
2016,87,273,626,11184,470,8383,3179,7465,141903,Washington County
2017,87,361,787,16973,619,11580,3135,7266,136725,Washington County
2018,87,284,647,14129,589,10154,3233,7440,146637,Washington County
2019,87,289,578,13789,522,11125,3290,7449,161466,Washington County
2020,87,420,869,24561,484,12709,3317,7841,165102,Washington County
2021,87,432,915,24817,574,11819,3493,7675,185082,Washington County
2022,87,351,767,22549,525,15469,3758,8171,231482,Washington County
